SlNo,State_Code,State,District_Key,District,Confirmed,Active,Recovered,Deceased,Migrated_Other,Delta_Confirmed,Delta_Active,Delta_Recovered,Delta_Deceased,District_Notes,Last_Updated
0,UN,State Unassigned,UN_Unassigned,Unassigned,0,0,0,0,0,0,0,0,0,,
1,AN,Andaman and Nicobar Islands,AN_Nicobars,Nicobars,0,0,0,0,0,0,0,0,0,District-wise numbers are out-dated as cumulative counts for each district are not reported in bulletin,
2,AN,Andaman and Nicobar Islands,AN_North and Middle Andaman,North and Middle Andaman,1,0,1,0,0,0,0,0,0,District-wise numbers are out-dated as cumulative counts for each district are not reported in bulletin,
3,AN,Andaman and Nicobar Islands,AN_South Andaman,South Andaman,51,19,32,0,0,0,0,0,0,District-wise numbers are out-dated as cumulative counts for each district are not reported in bulletin,
0,AP,Andhra Pradesh,AP_Foreign Evacuees,Foreign Evacuees,434,0,434,0,0,0,0,0,0,,
4,AP,Andhra Pradesh,AP_Anantapur,Anantapur,67374,136,66641,597,0,11,-4,15,0,,
5,AP,Andhra Pradesh,AP_Chittoor,Chittoor,86248,319,85087,842,0,59,9,49,1,,
6,AP,Andhra Pradesh,AP_East Godavari,East Godavari,123755,372,122747,636,0,15,-9,24,0,,
7,AP,Andhra Pradesh,AP_Guntur,Guntur,74830,506,73659,665,0,32,-6,38,0,,
8,AP,Andhra Pradesh,AP_Krishna,Krishna,47871,535,46670,666,0,32,-6,38,0,,
9,AP,Andhra Pradesh,AP_Kurnool,Kurnool,60582,65,60030,487,0,11,2,9,0,,
0,AP,Andhra Pradesh,AP_Other State,Other State,2461,0,2461,0,0,0,0,0,0,,
10,AP,Andhra Pradesh,AP_Prakasam,Prakasam,62042,90,61373,579,0,6,-5,11,0,,
11,AP,Andhra Pradesh,AP_S.P.S. Nellore,S.P.S. Nellore,62110,460,61145,505,0,4,-11,15,0,,
12,AP,Andhra Pradesh,AP_Srikakulam,Srikakulam,45963,80,45537,346,0,4,-12,16,0,,
13,AP,Andhra Pradesh,AP_Visakhapatnam,Visakhapatnam,59228,238,58439,551,0,21,-5,26,0,,
14,AP,Andhra Pradesh,AP_Vizianagaram,Vizianagaram,41035,37,40760,238,0,5,-4,9,0,,
15,AP,Andhra Pradesh,AP_West Godavari,West Godavari,93893,160,93195,538,0,22,-9,29,2,,
16,AP,Andhra Pradesh,AP_Y.S.R. Kadapa,Y.S.R. Kadapa,55024,196,54367,461,0,16,16,0,0,,
17,AR,Arunachal Pradesh,AR_Anjaw,Anjaw,204,0,204,0,0,0,0,0,0,,
18,AR,Arunachal Pradesh,AR_Changlang,Changlang,1273,1,1268,4,0,0,0,0,0,,
19,AR,Arunachal Pradesh,AR_East Kameng,East Kameng,304,0,304,0,0,0,0,0,0,,
20,AR,Arunachal Pradesh,AR_East Siang,East Siang,1127,11,1112,4,0,0,0,0,0,,
21,AR,Arunachal Pradesh,AR_Kamle,Kamle,29,0,29,0,0,0,0,0,0,,
22,AR,Arunachal Pradesh,AR_Kra Daadi,Kra Daadi,37,0,37,0,0,0,0,0,0,,
23,AR,Arunachal Pradesh,AR_Kurung Kumey,Kurung Kumey,117,0,117,0,0,0,0,0,0,,
24,AR,Arunachal Pradesh,AR_Lepa Rada,Lepa Rada,277,0,277,0,0,0,0,0,0,,
25,AR,Arunachal Pradesh,AR_Lohit,Lohit,570,3,567,0,0,0,0,0,0,,
26,AR,Arunachal Pradesh,AR_Longding,Longding,249,1,248,0,0,0,0,0,0,,
27,AR,Arunachal Pradesh,AR_Lower Dibang Valley,Lower Dibang Valley,474,3,471,0,0,0,0,0,0,,
28,AR,Arunachal Pradesh,AR_Lower Siang,Lower Siang,286,0,286,0,0,0,0,0,0,,
29,AR,Arunachal Pradesh,AR_Lower Subansiri,Lower Subansiri,381,0,380,1,0,0,0,0,0,,
30,AR,Arunachal Pradesh,AR_Namsai,Namsai,430,5,421,4,0,0,0,0,0,,
31,AR,Arunachal Pradesh,AR_Pakke Kessang,Pakke Kessang,129,0,129,0,0,0,0,0,0,,
32,AR,Arunachal Pradesh,AR_Papum Pare,Papum Pare,6755,36,6690,29,0,0,0,0,0,,
33,AR,Arunachal Pradesh,AR_Shi Yomi,Shi Yomi,104,0,104,0,0,0,0,0,0,,
34,AR,Arunachal Pradesh,AR_Siang,Siang,133,1,131,1,0,0,0,0,0,,
35,AR,Arunachal Pradesh,AR_Tawang,Tawang,480,24,454,2,0,0,0,0,0,,
36,AR,Arunachal Pradesh,AR_Tirap,Tirap,586,1,583,2,0,0,0,0,0,,
37,AR,Arunachal Pradesh,AR_Upper Dibang Valley,Upper Dibang Valley,23,0,23,0,0,0,0,0,0,,
38,AR,Arunachal Pradesh,AR_Upper Siang,Upper Siang,360,0,360,0,0,0,0,0,0,,
39,AR,Arunachal Pradesh,AR_Upper Subansiri,Upper Subansiri,441,0,439,2,0,0,0,0,0,,
40,AR,Arunachal Pradesh,AR_West Kameng,West Kameng,921,9,908,4,0,0,0,0,0,,
41,AR,Arunachal Pradesh,AR_West Siang,West Siang,1029,2,1024,3,0,0,0,0,0,,
0,AS,Assam,AS_Airport Quarantine,Airport Quarantine,13,0,13,0,0,0,0,0,0,,
42,AS,Assam,AS_Baksa,Baksa,687,233,447,7,0,0,0,0,0,,
43,AS,Assam,AS_Barpeta,Barpeta,1121,84,1024,13,0,0,0,0,0,,
44,AS,Assam,AS_Biswanath,Biswanath,467,80,379,8,0,0,0,0,0,,
45,AS,Assam,AS_Bongaigaon,Bongaigaon,1303,462,834,7,0,0,0,0,0,,
46,AS,Assam,AS_Cachar,Cachar,6216,4675,1498,43,0,0,0,0,0,,
47,AS,Assam,AS_Charaideo,Charaideo,113,-3,105,11,0,0,0,0,0,,
48,AS,Assam,AS_Chirang,Chirang,280,53,219,8,0,0,0,0,0,,
49,AS,Assam,AS_Darrang,Darrang,1967,219,1730,18,0,0,0,0,0,,
50,AS,Assam,AS_Dhemaji,Dhemaji,765,317,440,8,0,0,0,0,0,,
51,AS,Assam,AS_Dhubri,Dhubri,1723,496,1215,12,0,0,0,0,0,,
52,AS,Assam,AS_Dibrugarh,Dibrugarh,9486,6975,2409,102,0,0,0,0,0,,
53,AS,Assam,AS_Dima Hasao,Dima Hasao,237,36,199,2,0,0,0,0,0,,
54,AS,Assam,AS_Goalpara,Goalpara,658,38,568,10,0,0,0,0,0,,
55,AS,Assam,AS_Golaghat,Golaghat,3803,2101,1656,46,0,0,0,0,0,,
56,AS,Assam,AS_Hailakandi,Hailakandi,1632,509,1116,7,0,0,0,0,0,,
57,AS,Assam,AS_Hojai,Hojai,1646,472,1160,14,0,0,0,0,0,,
58,AS,Assam,AS_Jorhat,Jorhat,8771,6965,1752,54,0,0,0,0,0,,
59,AS,Assam,AS_Kamrup,Kamrup,4590,2481,2074,35,0,0,0,0,0,,
60,AS,Assam,AS_Kamrup Metropolitan,Kamrup Metropolitan,50189,34667,15370,152,0,0,0,0,0,,
61,AS,Assam,AS_Karbi Anglong,Karbi Anglong,632,69,552,11,0,0,0,0,0,,
62,AS,Assam,AS_Karimganj,Karimganj,1200,219,955,26,0,0,0,0,0,,
63,AS,Assam,AS_Kokrajhar,Kokrajhar,408,43,353,12,0,0,0,0,0,,
64,AS,Assam,AS_Lakhimpur,Lakhimpur,3006,1847,1135,24,0,0,0,0,0,,
65,AS,Assam,AS_Majuli,Majuli,165,79,80,6,0,0,0,0,0,,
66,AS,Assam,AS_Morigaon,Morigaon,638,72,557,9,0,0,0,0,0,,
67,AS,Assam,AS_Nagaon,Nagaon,4515,1983,2506,26,0,0,0,0,0,,
68,AS,Assam,AS_Nalbari,Nalbari,948,103,828,17,0,0,0,0,0,,
0,AS,Assam,AS_Other State,Other State,1,0,1,0,0,0,0,0,0,,
69,AS,Assam,AS_Sivasagar,Sivasagar,529,21,473,35,0,0,0,0,0,,
70,AS,Assam,AS_Sonitpur,Sonitpur,2548,802,1727,19,0,0,0,0,0,,
71,AS,Assam,AS_South Salmara Mankachar,South Salmara Mankachar,51,3,47,1,0,0,0,0,0,,
72,AS,Assam,AS_Tinsukia,Tinsukia,3366,1525,1798,43,0,0,0,0,0,,
73,AS,Assam,AS_Udalguri,Udalguri,758,84,666,8,0,0,0,0,0,,
74,AS,Assam,AS_West Karbi Anglong,West Karbi Anglong,39,1,37,1,0,0,0,0,0,,
75,BR,Bihar,BR_Araria,Araria,7167,37,7108,22,0,0,-11,11,0,,
76,BR,Bihar,BR_Arwal,Arwal,2326,48,2266,12,0,1,-9,9,1,,
77,BR,Bihar,BR_Aurangabad,Aurangabad,5195,37,5143,15,0,1,-5,6,0,,
78,BR,Bihar,BR_Banka,Banka,3462,111,3332,19,0,4,4,0,0,,
79,BR,Bihar,BR_Begusarai,Begusarai,7750,137,7579,34,0,16,4,12,0,,
80,BR,Bihar,BR_Bhagalpur,Bhagalpur,9388,126,9185,77,0,0,-11,10,1,,
81,BR,Bihar,BR_Bhojpur,Bhojpur,4984,39,4903,42,0,4,-1,5,0,,
82,BR,Bihar,BR_Buxar,Buxar,3976,32,3926,18,0,0,-3,3,0,,
83,BR,Bihar,BR_Darbhanga,Darbhanga,4056,50,3974,32,0,9,3,6,0,,
101,BR,Bihar,BR_East Champaran,East Champaran,8334,60,8224,50,0,3,-10,13,0,,
84,BR,Bihar,BR_Gaya,Gaya,7792,101,7631,60,0,3,-4,6,1,,
85,BR,Bihar,BR_Gopalganj,Gopalganj,5728,37,5676,15,0,2,-21,23,0,,
86,BR,Bihar,BR_Jamui,Jamui,3147,23,3114,10,0,2,2,0,0,,
87,BR,Bihar,BR_Jehanabad,Jehanabad,4496,77,4399,20,0,6,-7,13,0,,
88,BR,Bihar,BR_Kaimur,Kaimur,2099,52,2037,10,0,14,14,0,0,,
89,BR,Bihar,BR_Katihar,Katihar,7183,65,7106,12,0,2,-3,5,0,,
90,BR,Bihar,BR_Khagaria,Khagaria,3071,15,3044,12,0,0,-2,2,0,,
91,BR,Bihar,BR_Kishanganj,Kishanganj,4289,121,4155,13,0,0,0,0,0,,
92,BR,Bihar,BR_Lakhisarai,Lakhisarai,3731,147,3575,9,0,2,-2,4,0,,
93,BR,Bihar,BR_Madhepura,Madhepura,4826,36,4773,17,0,1,-2,3,0,,
94,BR,Bihar,BR_Madhubani,Madhubani,7613,30,7550,33,0,5,1,4,0,,
95,BR,Bihar,BR_Munger,Munger,4168,58,4059,51,0,2,0,2,0,,
96,BR,Bihar,BR_Muzaffarpur,Muzaffarpur,11634,241,11348,45,0,17,-17,34,0,,
97,BR,Bihar,BR_Nalanda,Nalanda,8140,89,7995,56,0,16,4,12,0,,
98,BR,Bihar,BR_Nawada,Nawada,4177,131,4023,23,0,23,11,12,0,,
100,BR,Bihar,BR_Patna,Patna,49372,2038,46954,380,0,223,35,188,0,,
102,BR,Bihar,BR_Purnia,Purnia,9273,34,9216,23,0,9,-30,39,0,,
103,BR,Bihar,BR_Rohtas,Rohtas,6699,45,6609,45,0,2,-1,3,0,,
104,BR,Bihar,BR_Saharsa,Saharsa,6739,69,6658,12,0,0,-3,3,0,,
105,BR,Bihar,BR_Samastipur,Samastipur,5195,32,5129,34,0,2,-7,9,0,,
106,BR,Bihar,BR_Saran,Saran,7159,197,6907,55,0,10,-12,22,0,,
107,BR,Bihar,BR_Sheikhpura,Sheikhpura,2981,4,2964,13,0,0,-2,2,0,,
108,BR,Bihar,BR_Sheohar,Sheohar,1447,28,1418,1,0,1,-2,3,0,,
109,BR,Bihar,BR_Sitamarhi,Sitamarhi,4374,88,4271,15,0,5,4,1,0,,
110,BR,Bihar,BR_Siwan,Siwan,4686,51,4603,32,0,2,-10,12,0,,
111,BR,Bihar,BR_Supaul,Supaul,5582,28,5536,18,0,0,-4,4,0,,
112,BR,Bihar,BR_Vaishali,Vaishali,5425,75,5303,46,1,7,-2,9,0,,
99,BR,Bihar,BR_West Champaran,West Champaran,5988,80,5886,22,0,3,3,0,0,,
113,CH,Chandigarh,CH_Chandigarh,Chandigarh,19799,372,19109,318,0,0,0,0,0,,
0,CT,Chhattisgarh,CT_Other State,Other State,459,66,338,55,0,0,0,0,0,,
114,CT,Chhattisgarh,CT_Balod,Balod,9122,572,8463,87,0,0,0,0,0,,
115,CT,Chhattisgarh,CT_Baloda Bazar,Baloda Bazar,8921,60,8733,128,0,0,0,0,0,,
116,CT,Chhattisgarh,CT_Balrampur,Balrampur,3450,158,3280,12,0,0,0,0,0,,
117,CT,Chhattisgarh,CT_Bametara,Bametara,4513,284,4175,54,0,0,0,0,0,,
118,CT,Chhattisgarh,CT_Bastar,Bastar,7578,181,7314,83,0,0,0,0,0,,
119,CT,Chhattisgarh,CT_Bijapur,Bijapur,3984,22,3934,28,0,0,0,0,0,,
120,CT,Chhattisgarh,CT_Bilaspur,Bilaspur,18066,494,17378,194,0,0,0,0,0,,
121,CT,Chhattisgarh,CT_Dakshin Bastar Dantewada,Dakshin Bastar Dantewada,5845,14,5815,16,0,0,0,0,0,,
122,CT,Chhattisgarh,CT_Dhamtari,Dhamtari,7928,451,7368,109,0,0,0,0,0,,
123,CT,Chhattisgarh,CT_Durg,Durg,22843,1584,20691,568,0,0,0,0,0,,
124,CT,Chhattisgarh,CT_Gariaband,Gariaband,3949,23,3879,47,0,0,0,0,0,,
125,CT,Chhattisgarh,CT_Janjgir Champa,Janjgir Champa,18735,232,18286,217,0,0,0,0,0,,
126,CT,Chhattisgarh,CT_Jashpur,Jashpur,3359,146,3188,25,0,0,0,0,0,,
127,CT,Chhattisgarh,CT_Kabeerdham,Kabeerdham,5558,29,5460,69,0,0,0,0,0,,
128,CT,Chhattisgarh,CT_Kondagaon,Kondagaon,4999,23,4950,26,0,0,0,0,0,,
129,CT,Chhattisgarh,CT_Korba,Korba,16047,134,15803,110,0,0,0,0,0,,
130,CT,Chhattisgarh,CT_Koriya,Koriya,4732,86,4609,37,0,0,0,0,0,,
131,CT,Chhattisgarh,CT_Mahasamund,Mahasamund,7984,222,7645,117,0,0,0,0,0,,
132,CT,Chhattisgarh,CT_Mungeli,Mungeli,3833,41,3768,24,0,0,0,0,0,,
133,CT,Chhattisgarh,CT_Narayanpur,Narayanpur,1917,42,1873,2,0,0,0,0,0,,
134,CT,Chhattisgarh,CT_Raigarh,Raigarh,21336,223,20829,284,0,0,0,0,0,,
135,CT,Chhattisgarh,CT_Raipur,Raipur,52826,3921,48183,722,0,0,0,0,0,,
136,CT,Chhattisgarh,CT_Rajnandgaon,Rajnandgaon,18472,1181,17124,167,0,0,0,0,0,,
137,CT,Chhattisgarh,CT_Sukma,Sukma,3726,51,3665,10,0,0,0,0,0,,
138,CT,Chhattisgarh,CT_Surajpur,Surajpur,5758,457,5264,37,0,0,0,0,0,,
139,CT,Chhattisgarh,CT_Surguja,Surguja,7466,418,6966,82,0,0,0,0,0,,
140,CT,Chhattisgarh,CT_Uttar Bastar Kanker,Uttar Bastar Kanker,6033,75,5902,56,0,0,0,0,0,,
766,CT,Chhattisgarh,CT_Gaurela Pendra Marwahi,Gaurela Pendra Marwahi,1068,154,905,9,0,0,0,0,0,,
144,DL,Delhi,DL_Central Delhi,Central Delhi,184,184,0,0,0,0,0,0,0,District-wise numbers are out-dated as cumulative counts for each district are not reported in bulletin,
145,DL,Delhi,DL_East Delhi,East Delhi,38,38,0,0,0,0,0,0,0,District-wise numbers are out-dated as cumulative counts for each district are not reported in bulletin,
146,DL,Delhi,DL_New Delhi,New Delhi,37,37,0,0,0,0,0,0,0,District-wise numbers are out-dated as cumulative counts for each district are not reported in bulletin,
147,DL,Delhi,DL_North Delhi,North Delhi,60,60,0,0,0,0,0,0,0,District-wise numbers are out-dated as cumulative counts for each district are not reported in bulletin,
148,DL,Delhi,DL_North East Delhi,North East Delhi,25,25,0,0,0,0,0,0,0,District-wise numbers are out-dated as cumulative counts for each district are not reported in bulletin,
149,DL,Delhi,DL_North West Delhi,North West Delhi,32,31,0,1,0,0,0,0,0,District-wise numbers are out-dated as cumulative counts for each district are not reported in bulletin,
150,DL,Delhi,DL_Shahdara,Shahdara,48,48,0,0,0,0,0,0,0,District-wise numbers are out-dated as cumulative counts for each district are not reported in bulletin,
151,DL,Delhi,DL_South Delhi,South Delhi,70,70,0,0,0,0,0,0,0,District-wise numbers are out-dated as cumulative counts for each district are not reported in bulletin,
152,DL,Delhi,DL_South East Delhi,South East Delhi,130,130,0,0,0,0,0,0,0,District-wise numbers are out-dated as cumulative counts for each district are not reported in bulletin,
153,DL,Delhi,DL_South West Delhi,South West Delhi,42,42,0,0,0,0,0,0,0,District-wise numbers are out-dated as cumulative counts for each district are not reported in bulletin,
154,DL,Delhi,DL_West Delhi,West Delhi,122,122,0,0,0,0,0,0,0,District-wise numbers are out-dated as cumulative counts for each district are not reported in bulletin,
0,DN,Dadra and Nagar Haveli and Daman and Diu,DN_Other State,Other State,0,0,0,0,0,0,0,0,0,,
141,DN,Dadra and Nagar Haveli and Daman and Diu,DN_Dadra and Nagar Haveli,Dadra and Nagar Haveli,1647,7,1634,1,5,0,0,0,0,,
142,DN,Dadra and Nagar Haveli and Daman and Diu,DN_Daman,Daman,1405,3,1377,1,24,0,0,0,0,,
143,DN,Dadra and Nagar Haveli and Daman and Diu,DN_Diu,Diu,312,3,309,0,0,0,0,0,0,,
0,GA,Goa,GA_Other State,Other State,200,9,190,1,0,0,0,0,0,District-wise numbers are out-dated as cumulative counts for each district are not reported in bulletin,
155,GA,Goa,GA_North Goa,North Goa,2668,1639,964,65,0,0,0,0,0,District-wise numbers are out-dated as cumulative counts for each district are not reported in bulletin,
156,GA,Goa,GA_South Goa,South Goa,3511,1978,1407,126,0,0,0,0,0,District-wise numbers are out-dated as cumulative counts for each district are not reported in bulletin,
0,GJ,Gujarat,GJ_Other State,Other State,162,0,159,3,0,0,0,0,0,,
157,GJ,Gujarat,GJ_Ahmedabad,Ahmedabad,57792,2909,52632,2251,0,0,0,0,0,,
158,GJ,Gujarat,GJ_Amreli,Amreli,3787,84,3671,32,0,0,0,0,0,,
159,GJ,Gujarat,GJ_Anand,Anand,2269,42,2210,17,0,0,0,0,0,,
160,GJ,Gujarat,GJ_Aravalli,Aravalli,1159,69,1064,26,0,0,0,0,0,,
161,GJ,Gujarat,GJ_Banaskantha,Banaskantha,4577,-59,4598,38,0,0,0,0,0,,
162,GJ,Gujarat,GJ_Bharuch,Bharuch,3885,149,3718,18,0,0,0,0,0,,
163,GJ,Gujarat,GJ_Bhavnagar,Bhavnagar,5827,80,5679,68,0,0,0,0,0,,
164,GJ,Gujarat,GJ_Botad,Botad,1028,66,950,12,0,0,0,0,0,,
165,GJ,Gujarat,GJ_Chhota Udaipur,Chhota Udaipur,868,16,849,3,0,0,0,0,0,,
167,GJ,Gujarat,GJ_Dahod,Dahod,3023,132,2884,7,0,0,0,0,0,,
187,GJ,Gujarat,GJ_Dang,Dang,150,9,141,0,0,0,0,0,0,,
166,GJ,Gujarat,GJ_Devbhumi Dwarka,Devbhumi Dwarka,1041,32,1004,5,0,0,0,0,0,,
168,GJ,Gujarat,GJ_Gandhinagar,Gandhinagar,8127,171,7851,105,0,0,0,0,0,,
169,GJ,Gujarat,GJ_Gir Somnath,Gir Somnath,2336,152,2160,24,0,0,0,0,0,,
170,GJ,Gujarat,GJ_Jamnagar,Jamnagar,10166,139,9992,35,0,0,0,0,0,,
171,GJ,Gujarat,GJ_Junagadh,Junagadh,4929,204,4692,33,0,0,0,0,0,,
173,GJ,Gujarat,GJ_Kheda,Kheda,2980,90,2874,16,0,0,0,0,0,,
172,GJ,Gujarat,GJ_Kutch,Kutch,4047,207,3807,33,0,0,0,0,0,,
175,GJ,Gujarat,GJ_Mahisagar,Mahisagar,1948,104,1837,7,0,0,0,0,0,,
174,GJ,Gujarat,GJ_Mehsana,Mehsana,6712,186,6488,38,0,0,0,0,0,,
176,GJ,Gujarat,GJ_Morbi,Morbi,3078,234,2826,18,0,0,0,0,0,,
177,GJ,Gujarat,GJ_Narmada,Narmada,1945,35,1909,1,0,0,0,0,0,,
178,GJ,Gujarat,GJ_Navsari,Navsari,1579,30,1541,8,0,0,0,0,0,,
179,GJ,Gujarat,GJ_Panchmahal,Panchmahal,4077,138,3918,21,0,0,0,0,0,,
180,GJ,Gujarat,GJ_Patan,Patan,4167,56,4058,53,0,0,0,0,0,,
181,GJ,Gujarat,GJ_Porbandar,Porbandar,704,8,692,4,0,0,0,0,0,,
182,GJ,Gujarat,GJ_Rajkot,Rajkot,20273,996,19085,192,0,0,0,0,0,,
183,GJ,Gujarat,GJ_Sabarkantha,Sabarkantha,2806,128,2665,13,0,0,0,0,0,,
184,GJ,Gujarat,GJ_Surat,Surat,49544,1106,47472,966,0,0,0,0,0,,
185,GJ,Gujarat,GJ_Surendranagar,Surendranagar,3441,157,3272,12,0,0,0,0,0,,
186,GJ,Gujarat,GJ_Tapi,Tapi,1032,11,1015,6,0,0,0,0,0,,
188,GJ,Gujarat,GJ_Vadodara,Vadodara,24944,1861,22848,235,0,0,0,0,0,,
189,GJ,Gujarat,GJ_Valsad,Valsad,1369,21,1339,9,0,0,0,0,0,,
212,HP,Himachal Pradesh,HP_Bilaspur,Bilaspur,2857,135,2697,24,1,0,0,0,0,,
213,HP,Himachal Pradesh,HP_Chamba,Chamba,2862,117,2693,49,3,0,0,0,0,One death of COVID-19 positive patient has occured due to non-covid reasons,
214,HP,Himachal Pradesh,HP_Hamirpur,Hamirpur,2851,176,2628,46,1,0,0,0,0,,
215,HP,Himachal Pradesh,HP_Kangra,Kangra,7785,420,7177,186,2,0,0,0,0,Death of Tibetan refugee on March 22 included in Kangra district's tally,
216,HP,Himachal Pradesh,HP_Kinnaur,Kinnaur,1322,34,1272,16,0,0,0,0,0,,
217,HP,Himachal Pradesh,HP_Kullu,Kullu,4361,66,4211,82,2,0,0,0,0,,
218,HP,Himachal Pradesh,HP_Lahaul and Spiti,Lahaul and Spiti,1241,36,1193,12,0,0,0,0,0,,
219,HP,Himachal Pradesh,HP_Mandi,Mandi,9699,558,9023,118,0,0,0,0,0,,
220,HP,Himachal Pradesh,HP_Shimla,Shimla,10101,251,9555,256,39,0,0,0,0,One death of COVID-19 positive patient has occured due to non-covid reasons,
221,HP,Himachal Pradesh,HP_Sirmaur,Sirmaur,3186,91,3066,29,0,0,0,0,0,,
222,HP,Himachal Pradesh,HP_Solan,Solan,6458,360,6029,69,0,0,0,0,0,,
223,HP,Himachal Pradesh,HP_Una,Una,2747,150,2560,37,0,0,0,0,0,,
0,HR,Haryana,HR_Foreign Evacuees,Foreign Evacuees,0,0,0,0,0,0,0,0,0,,
190,HR,Haryana,HR_Ambala,Ambala,11555,173,11239,143,0,24,6,18,0,,
191,HR,Haryana,HR_Bhiwani,Bhiwani,6263,20,6102,141,0,1,-11,11,1,,
192,HR,Haryana,HR_Charkhi Dadri,Charkhi Dadri,1499,47,1427,25,0,3,-8,11,0,,
193,HR,Haryana,HR_Faridabad,Faridabad,45546,279,44865,402,0,20,-52,72,0,,
194,HR,Haryana,HR_Fatehabad,Fatehabad,4671,35,4519,117,0,5,1,4,0,,
195,HR,Haryana,HR_Gurugram,Gurugram,56933,870,55720,343,0,64,-20,84,0,,
196,HR,Haryana,HR_Hisar,Hisar,16952,57,16576,319,0,4,4,0,0,,
0,HR,Haryana,HR_Italians,Italians,0,0,0,0,0,0,0,0,0,,
197,HR,Haryana,HR_Jhajjar,Jhajjar,5816,45,5678,93,0,3,-5,8,0,,
198,HR,Haryana,HR_Jind,Jind,4747,129,4529,89,0,3,-4,7,0,,
199,HR,Haryana,HR_Kaithal,Kaithal,3768,39,3679,50,0,4,0,4,0,,
200,HR,Haryana,HR_Karnal,Karnal,10835,199,10489,147,0,16,-8,24,0,,
201,HR,Haryana,HR_Kurukshetra,Kurukshetra,8628,132,8370,126,0,11,-13,24,0,,
202,HR,Haryana,HR_Mahendragarh,Mahendragarh,6585,33,6533,19,0,1,0,1,0,,
203,HR,Haryana,HR_Nuh,Nuh,1688,12,1646,30,0,1,0,1,0,,
204,HR,Haryana,HR_Palwal,Palwal,4385,13,4346,26,0,1,-11,12,0,,
205,HR,Haryana,HR_Panchkula,Panchkula,10027,190,9693,144,0,20,-27,46,1,,
206,HR,Haryana,HR_Panipat,Panipat,10544,183,10213,148,0,19,9,9,1,,
207,HR,Haryana,HR_Rewari,Rewari,11313,198,11040,75,0,2,-3,5,0,,
208,HR,Haryana,HR_Rohtak,Rohtak,12083,104,11833,146,0,6,-17,23,0,,
209,HR,Haryana,HR_Sirsa,Sirsa,7945,67,7765,113,0,6,-1,7,0,,
210,HR,Haryana,HR_Sonipat,Sonipat,14558,146,14333,79,0,10,-17,27,0,,
211,HR,Haryana,HR_Yamunanagar,Yamunanagar,6509,153,6216,140,0,15,-13,27,1,,
246,JH,Jharkhand,JH_Bokaro,Bokaro,6509,64,6385,60,0,0,0,0,0,,
247,JH,Jharkhand,JH_Chatra,Chatra,1408,18,1379,11,0,0,0,0,0,,
248,JH,Jharkhand,JH_Deoghar,Deoghar,3614,23,3568,23,0,0,0,0,0,,
249,JH,Jharkhand,JH_Dhanbad,Dhanbad,7458,69,7285,104,0,0,0,0,0,,
250,JH,Jharkhand,JH_Dumka,Dumka,1377,16,1347,14,0,0,0,0,0,,
264,JH,Jharkhand,JH_East Singhbhum,East Singhbhum,17928,228,17345,355,0,0,0,0,0,,
251,JH,Jharkhand,JH_Garhwa,Garhwa,2789,31,2746,12,0,0,0,0,0,,
252,JH,Jharkhand,JH_Giridih,Giridih,3414,6,3394,14,0,0,0,0,0,,
253,JH,Jharkhand,JH_Godda,Godda,2076,7,2059,10,0,0,0,0,0,,
254,JH,Jharkhand,JH_Gumla,Gumla,2264,33,2227,4,0,0,0,0,0,,
255,JH,Jharkhand,JH_Hazaribagh,Hazaribagh,4381,69,4276,36,0,0,0,0,0,,
256,JH,Jharkhand,JH_Jamtara,Jamtara,1249,11,1234,4,0,0,0,0,0,,
257,JH,Jharkhand,JH_Khunti,Khunti,2113,9,2097,7,0,0,0,0,0,,
258,JH,Jharkhand,JH_Koderma,Koderma,3420,24,3368,28,0,0,0,0,0,,
259,JH,Jharkhand,JH_Latehar,Latehar,1892,28,1857,7,0,0,0,0,0,,
260,JH,Jharkhand,JH_Lohardaga,Lohardaga,1769,25,1734,10,0,0,0,0,0,,
261,JH,Jharkhand,JH_Pakur,Pakur,900,0,898,2,0,0,0,0,0,,
262,JH,Jharkhand,JH_Palamu,Palamu,3503,46,3437,20,0,0,0,0,0,,
265,JH,Jharkhand,JH_Ramgarh,Ramgarh,4460,59,4374,27,0,0,0,0,0,,
266,JH,Jharkhand,JH_Ranchi,Ranchi,30628,838,29572,218,0,0,0,0,0,,
267,JH,Jharkhand,JH_Sahibganj,Sahibganj,1634,17,1608,9,0,0,0,0,0,,
268,JH,Jharkhand,JH_Saraikela-Kharsawan,Saraikela-Kharsawan,3667,31,3624,12,0,0,0,0,0,,
269,JH,Jharkhand,JH_Simdega,Simdega,2018,14,1999,5,0,0,0,0,0,,
263,JH,Jharkhand,JH_West Singhbhum,West Singhbhum,4770,16,4716,38,0,0,0,0,0,,
224,JK,Jammu and Kashmir,JK_Anantnag,Anantnag,4815,120,4612,83,0,17,11,6,0,,
226,JK,Jammu and Kashmir,JK_Bandipora,Bandipora,4654,54,4540,60,0,4,0,4,0,,
227,JK,Jammu and Kashmir,JK_Baramulla,Baramulla,7992,121,7699,172,0,16,6,10,0,,
225,JK,Jammu and Kashmir,JK_Budgam,Budgam,7623,133,7381,109,0,5,-13,17,1,,
228,JK,Jammu and Kashmir,JK_Doda,Doda,3391,43,3284,64,0,3,-2,5,0,,
229,JK,Jammu and Kashmir,JK_Ganderbal,Ganderbal,4491,89,4359,43,0,11,-2,13,0,,
230,JK,Jammu and Kashmir,JK_Jammu,Jammu,23946,849,22742,355,0,78,-2,80,0,,
231,JK,Jammu and Kashmir,JK_Kathua,Kathua,3204,43,3112,49,0,5,-11,16,0,,
232,JK,Jammu and Kashmir,JK_Kishtwar,Kishtwar,2720,21,2678,21,0,1,1,0,0,,
233,JK,Jammu and Kashmir,JK_Kulgam,Kulgam,2666,64,2549,53,0,2,-1,3,0,,
234,JK,Jammu and Kashmir,JK_Kupwara,Kupwara,5546,123,5332,91,0,9,3,6,0,,
235,JK,Jammu and Kashmir,JK_Mirpur,Mirpur,0,0,0,0,0,0,0,0,0,,
236,JK,Jammu and Kashmir,JK_Muzaffarabad,Muzaffarabad,0,0,0,0,0,0,0,0,0,,
237,JK,Jammu and Kashmir,JK_Pulwama,Pulwama,5592,162,5342,88,0,12,-7,19,0,,
238,JK,Jammu and Kashmir,JK_Punch,Punch,2451,30,2397,24,0,5,5,0,0,,
239,JK,Jammu and Kashmir,JK_Rajouri,Rajouri,3844,148,3642,54,0,2,-11,13,0,,
240,JK,Jammu and Kashmir,JK_Ramban,Ramban,2110,34,2055,21,0,6,6,0,0,,
241,JK,Jammu and Kashmir,JK_Reasi,Reasi,1628,31,1582,15,0,0,0,0,0,,
242,JK,Jammu and Kashmir,JK_Samba,Samba,2765,193,2534,38,0,4,4,0,0,,
243,JK,Jammu and Kashmir,JK_Shopiyan,Shopiyan,2519,103,2378,38,0,15,9,6,0,,
244,JK,Jammu and Kashmir,JK_Srinagar,Srinagar,25422,581,24391,450,0,46,-7,53,0,,
245,JK,Jammu and Kashmir,JK_Udhampur,Udhampur,4092,57,3978,57,0,3,-6,9,0,,
270,KA,Karnataka,KA_Bagalkote,Bagalkote,13695,39,13520,136,0,4,0,4,0,,
271,KA,Karnataka,KA_Ballari,Ballari,38882,147,38138,597,0,22,-1,23,0,,
272,KA,Karnataka,KA_Belagavi,Belagavi,26289,195,25752,342,0,16,2,14,0,,
274,KA,Karnataka,KA_Bengaluru Rural,Bengaluru Rural,18300,255,17893,152,0,12,-7,19,0,,
273,KA,Karnataka,KA_Bengaluru Urban,Bengaluru Urban,389193,6964,377906,4322,1,343,-121,463,1,,
275,KA,Karnataka,KA_Bidar,Bidar,7269,43,7051,171,4,7,0,7,0,,
276,KA,Karnataka,KA_Chamarajanagara,Chamarajanagara,6801,75,6596,119,11,13,-5,18,0,,
277,KA,Karnataka,KA_Chikkaballapura,Chikkaballapura,13029,199,12712,117,1,29,-35,64,0,,
278,KA,Karnataka,KA_Chikkamagaluru,Chikkamagaluru,13703,125,13439,139,0,11,5,6,0,,
279,KA,Karnataka,KA_Chitradurga,Chitradurga,14314,174,14072,68,0,5,-8,13,0,,
280,KA,Karnataka,KA_Dakshina Kannada,Dakshina Kannada,32948,298,31914,734,2,37,18,19,0,,
281,KA,Karnataka,KA_Davanagere,Davanagere,22041,88,21689,264,0,4,-16,20,0,,
282,KA,Karnataka,KA_Dharwad,Dharwad,21882,90,21183,609,0,11,-9,19,1,,
283,KA,Karnataka,KA_Gadag,Gadag,10920,26,10753,141,0,1,0,1,0,,
284,KA,Karnataka,KA_Hassan,Hassan,28033,206,27434,393,0,7,-18,25,0,,
285,KA,Karnataka,KA_Haveri,Haveri,10965,18,10757,190,0,3,1,2,0,,
286,KA,Karnataka,KA_Kalaburagi,Kalaburagi,21111,176,20612,323,0,17,-2,19,0,,
287,KA,Karnataka,KA_Kodagu,Kodagu,5761,103,5587,71,0,12,2,10,0,,
288,KA,Karnataka,KA_Kolar,Kolar,9731,127,9428,176,0,7,-3,10,0,,
289,KA,Karnataka,KA_Koppal,Koppal,13884,37,13568,279,0,5,-11,16,0,,
290,KA,Karnataka,KA_Mandya,Mandya,19460,151,19162,147,0,15,-3,18,0,,
291,KA,Karnataka,KA_Mysuru,Mysuru,52498,389,51094,1015,0,78,-6,84,0,,
0,KA,Karnataka,KA_Other State,Other State,36,0,33,3,0,0,0,0,0,,
292,KA,Karnataka,KA_Raichur,Raichur,14165,48,13959,158,0,5,-1,6,0,,
293,KA,Karnataka,KA_Ramanagara,Ramanagara,7381,22,7282,77,0,0,-6,6,0,,
294,KA,Karnataka,KA_Shivamogga,Shivamogga,22068,209,21511,348,0,4,-10,14,0,,
295,KA,Karnataka,KA_Tumakuru,Tumakuru,24587,322,23887,378,0,20,-29,48,1,,
296,KA,Karnataka,KA_Udupi,Udupi,23085,82,22815,188,0,12,-1,13,0,,
297,KA,Karnataka,KA_Uttara Kannada,Uttara Kannada,14272,103,13993,176,0,28,22,6,0,,
298,KA,Karnataka,KA_Vijayapura,Vijayapura,14233,96,13932,205,0,25,17,8,0,,
299,KA,Karnataka,KA_Yadgir,Yadgir,10592,27,10504,61,0,2,1,1,0,,
0,KL,Kerala,KL_Other State,Other State,0,0,0,0,0,0,0,0,0,,
300,KL,Kerala,KL_Alappuzha,Alappuzha,57693,3819,53612,241,21,0,0,0,0,,
301,KL,Kerala,KL_Ernakulam,Ernakulam,84110,8592,75190,316,12,0,0,0,0,,
302,KL,Kerala,KL_Idukki,Idukki,16639,2953,13663,20,3,0,0,0,0,,
303,KL,Kerala,KL_Kannur,Kannur,40061,3638,36212,203,8,0,0,0,0,,
304,KL,Kerala,KL_Kasaragod,Kasaragod,24240,1681,22470,85,4,0,0,0,0,,
305,KL,Kerala,KL_Kollam,Kollam,59824,4809,54781,219,15,0,0,0,0,,
306,KL,Kerala,KL_Kottayam,Kottayam,51725,7037,44533,152,3,0,0,0,0,,
307,KL,Kerala,KL_Kozhikode,Kozhikode,86731,5016,81405,296,14,0,0,0,0,,
308,KL,Kerala,KL_Malappuram,Malappuram,91331,4847,86130,344,10,0,0,0,0,,
309,KL,Kerala,KL_Palakkad,Palakkad,48228,4856,43233,132,7,0,0,0,0,,
310,KL,Kerala,KL_Pathanamthitta,Pathanamthitta,30992,6232,24702,56,2,0,0,0,0,,
311,KL,Kerala,KL_Thiruvananthapuram,Thiruvananthapuram,82284,3311,78247,655,71,0,0,0,0,,
312,KL,Kerala,KL_Thrissur,Thrissur,74970,5700,68935,327,8,0,0,0,0,,
313,KL,Kerala,KL_Wayanad,Wayanad,17097,2568,14478,50,1,0,0,0,0,,
314,LA,Ladakh,LA_Kargil,Kargil,2097,11,2043,43,0,0,0,0,0,,
315,LA,Ladakh,LA_Leh,Leh,7369,185,7100,84,0,0,0,0,0,,
316,LD,Lakshadweep,LD_Lakshadweep,Lakshadweep,0,0,0,0,0,0,0,0,0,,
369,MH,Maharashtra,MH_Ahmednagar,Ahmednagar,69156,1513,66597,1045,1,0,0,0,0,,
370,MH,Maharashtra,MH_Akola,Akola,10632,367,9913,347,5,0,0,0,0,,
371,MH,Maharashtra,MH_Amravati,Amravati,20141,427,19331,381,2,0,0,0,0,,
372,MH,Maharashtra,MH_Aurangabad,Aurangabad,47978,759,45991,1213,15,0,0,0,0,,
374,MH,Maharashtra,MH_Beed,Beed,17089,323,16238,521,7,0,0,0,0,,
373,MH,Maharashtra,MH_Bhandara,Bhandara,12741,469,11995,275,2,0,0,0,0,,
375,MH,Maharashtra,MH_Buldhana,Buldhana,13675,415,13034,220,6,0,0,0,0,,
376,MH,Maharashtra,MH_Chandrapur,Chandrapur,23272,585,22295,391,1,0,0,0,0,,
377,MH,Maharashtra,MH_Dhule,Dhule,15660,161,15152,344,3,0,0,0,0,,
378,MH,Maharashtra,MH_Gadchiroli,Gadchiroli,8563,215,8250,92,6,0,0,0,0,,
379,MH,Maharashtra,MH_Gondia,Gondia,13845,358,13320,161,6,0,0,0,0,,
380,MH,Maharashtra,MH_Hingoli,Hingoli,4189,109,3984,96,0,0,0,0,0,,
381,MH,Maharashtra,MH_Jalgaon,Jalgaon,56179,490,54220,1449,20,0,0,0,0,,
382,MH,Maharashtra,MH_Jalna,Jalna,12827,224,12259,343,1,0,0,0,0,,
383,MH,Maharashtra,MH_Kolhapur,Kolhapur,49145,515,46967,1660,3,0,0,0,0,,
384,MH,Maharashtra,MH_Latur,Latur,23335,392,22257,682,4,0,0,0,0,,
385,MH,Maharashtra,MH_Mumbai,Mumbai,294067,8943,273135,11125,864,0,0,0,0,"[Sep 9]After reconciling COVID-19 cases in Mumbai, owing to the removal of duplicates and change of addresses as per the original residence, 239 cases have been removed from the progressive figures.",
386,MH,Maharashtra,MH_Mumbai Suburban,Mumbai Suburban,0,0,0,0,0,0,0,0,0,,
387,MH,Maharashtra,MH_Nagpur,Nagpur,125680,4095,118358,3209,18,0,0,0,0,District administration provides number of persons tested instead of the number of samples tested.,
388,MH,Maharashtra,MH_Nanded,Nanded,21361,414,20279,663,5,0,0,0,0,Number of active cases differs in the state bulletin and district bulletin. We follow the state bulletin.,
389,MH,Maharashtra,MH_Nandurbar,Nandurbar,8236,498,7568,169,1,0,0,0,0,,
390,MH,Maharashtra,MH_Nashik,Nashik,115579,1815,111862,1901,1,0,0,0,0,Number of active cases differs in the state bulletin and district bulletin. We follow the state bulletin.,
391,MH,Maharashtra,MH_Osmanabad,Osmanabad,16884,196,16147,539,2,0,0,0,0,,
0,MH,Maharashtra,MH_Other State,Other State,855,785,0,69,1,0,0,0,0,,
392,MH,Maharashtra,MH_Palghar,Palghar,46758,268,45562,911,17,0,0,0,0,,
393,MH,Maharashtra,MH_Parbhani,Parbhani,7604,152,7159,282,11,0,0,0,0,,
394,MH,Maharashtra,MH_Pune,Pune,373219,13525,351890,7767,37,0,0,0,0,Number of active cases differs in the state bulletin and district bulletin. We follow the state bulletin.,
395,MH,Maharashtra,MH_Raigad,Raigad,66364,457,64410,1490,7,0,0,0,0,Number of active cases differs in the state bulletin and district bulletin. We follow the state bulletin.,
396,MH,Maharashtra,MH_Ratnagiri,Ratnagiri,11180,373,10426,379,2,0,0,0,0,,
397,MH,Maharashtra,MH_Sangli,Sangli,50163,302,48089,1769,3,0,0,0,0,,
398,MH,Maharashtra,MH_Satara,Satara,54638,785,52075,1768,10,0,0,0,0,,
399,MH,Maharashtra,MH_Sindhudurg,Sindhudurg,6032,322,5549,160,1,0,0,0,0,,
400,MH,Maharashtra,MH_Solapur,Solapur,53496,800,50916,1764,16,0,0,0,0,,
401,MH,Maharashtra,MH_Thane,Thane,254875,10254,238976,5586,59,0,0,0,0,,
402,MH,Maharashtra,MH_Wardha,Wardha,9548,245,9034,265,4,0,0,0,0,,
403,MH,Maharashtra,MH_Washim,Washim,6822,140,6531,149,2,0,0,0,0,,
404,MH,Maharashtra,MH_Yavatmal,Yavatmal,13848,393,13056,395,4,0,0,0,0,,
421,ML,Meghalaya,ML_East Garo Hills,East Garo Hills,339,1,337,1,0,0,0,0,0,,
422,ML,Meghalaya,ML_East Jaintia Hills,East Jaintia Hills,526,0,526,0,0,0,0,0,0,,
423,ML,Meghalaya,ML_East Khasi Hills,East Khasi Hills,8264,135,8016,113,0,0,0,0,0,,
424,ML,Meghalaya,ML_North Garo Hills,North Garo Hills,117,1,114,2,0,0,0,0,0,,
425,ML,Meghalaya,ML_Ribhoi,Ribhoi,1350,24,1324,2,0,0,0,0,0,,
426,ML,Meghalaya,ML_South Garo Hills,South Garo Hills,197,0,196,1,0,0,0,0,0,,
427,ML,Meghalaya,ML_South West Garo Hills,South West Garo Hills,198,3,193,2,0,0,0,0,0,,
428,ML,Meghalaya,ML_South West Khasi Hills,South West Khasi Hills,57,0,57,0,0,0,0,0,0,,
429,ML,Meghalaya,ML_West Garo Hills,West Garo Hills,1709,14,1679,16,0,0,0,0,0,,
430,ML,Meghalaya,ML_West Jaintia Hills,West Jaintia Hills,478,1,476,1,0,0,0,0,0,,
431,ML,Meghalaya,ML_West Khasi Hills,West Khasi Hills,173,5,167,1,0,0,0,0,0,,
0,MN,Manipur,MN_CAPF Personnel,CAPF Personnel,2623,1222,1399,2,0,0,0,0,0,,
405,MN,Manipur,MN_Bishnupur,Bishnupur,1286,1206,58,22,0,0,0,0,0,,
406,MN,Manipur,MN_Chandel,Chandel,348,335,4,9,0,0,0,0,0,,
407,MN,Manipur,MN_Churachandpur,Churachandpur,1411,1327,58,26,0,0,0,0,0,,
408,MN,Manipur,MN_Imphal East,Imphal East,5478,5253,150,75,0,0,0,0,0,,
409,MN,Manipur,MN_Imphal West,Imphal West,8548,8400,52,96,0,0,0,0,0,,
410,MN,Manipur,MN_Jiribam,Jiribam,266,264,2,0,0,0,0,0,0,,
411,MN,Manipur,MN_Kakching,Kakching,755,721,27,7,0,0,0,0,0,,
412,MN,Manipur,MN_Kamjong,Kamjong,251,234,17,0,0,0,0,0,0,,
413,MN,Manipur,MN_Kangpokpi,Kangpokpi,611,583,19,9,0,0,0,0,0,,
414,MN,Manipur,MN_Noney,Noney,321,302,18,1,0,0,0,0,0,,
415,MN,Manipur,MN_Pherzawl,Pherzawl,37,22,15,0,0,0,0,0,0,,
416,MN,Manipur,MN_Senapati,Senapati,476,454,21,1,0,0,0,0,0,,
417,MN,Manipur,MN_Tamenglong,Tamenglong,1336,1298,32,6,0,0,0,0,0,,
418,MN,Manipur,MN_Tengnoupal,Tengnoupal,276,262,13,1,0,0,0,0,0,,
419,MN,Manipur,MN_Thoubal,Thoubal,2268,2205,23,40,0,0,0,0,0,,
420,MN,Manipur,MN_Ukhrul,Ukhrul,535,515,18,2,0,0,0,0,0,,
317,MP,Madhya Pradesh,MP_Agar Malwa,Agar Malwa,633,17,606,10,0,0,0,0,0,,
318,MP,Madhya Pradesh,MP_Alirajpur,Alirajpur,1250,26,1211,13,0,0,0,0,0,,
319,MP,Madhya Pradesh,MP_Anuppur,Anuppur,2013,27,1972,14,0,0,0,0,0,,
320,MP,Madhya Pradesh,MP_Ashoknagar,Ashoknagar,1095,38,1040,17,0,0,0,0,0,,
321,MP,Madhya Pradesh,MP_Balaghat,Balaghat,3026,81,2931,14,0,0,0,0,0,,
322,MP,Madhya Pradesh,MP_Barwani,Barwani,2729,106,2598,25,0,0,0,0,0,,
323,MP,Madhya Pradesh,MP_Betul,Betul,3216,93,3053,70,0,0,0,0,0,,
324,MP,Madhya Pradesh,MP_Bhind,Bhind,1462,18,1434,10,0,0,0,0,0,,
325,MP,Madhya Pradesh,MP_Bhopal,Bhopal,39428,1990,36859,579,0,0,0,0,0,,
326,MP,Madhya Pradesh,MP_Burhanpur,Burhanpur,846,4,815,27,0,0,0,0,0,,
327,MP,Madhya Pradesh,MP_Chhatarpur,Chhatarpur,2025,52,1941,32,0,0,0,0,0,,
328,MP,Madhya Pradesh,MP_Chhindwara,Chhindwara,2675,56,2577,42,0,0,0,0,0,,
329,MP,Madhya Pradesh,MP_Damoh,Damoh,2649,161,2412,76,0,0,0,0,0,,
330,MP,Madhya Pradesh,MP_Datia,Datia,1827,50,1757,20,0,0,0,0,0,,
331,MP,Madhya Pradesh,MP_Dewas,Dewas,2766,66,2674,26,0,0,0,0,0,,
332,MP,Madhya Pradesh,MP_Dhar,Dhar,3857,91,3709,57,0,0,0,0,0,,
333,MP,Madhya Pradesh,MP_Dindori,Dindori,949,9,939,1,0,0,0,0,0,,
335,MP,Madhya Pradesh,MP_Guna,Guna,1453,53,1374,26,0,0,0,0,0,,
336,MP,Madhya Pradesh,MP_Gwalior,Gwalior,15944,306,15435,203,0,0,0,0,0,,
337,MP,Madhya Pradesh,MP_Harda,Harda,2034,38,1962,34,0,0,0,0,0,,
338,MP,Madhya Pradesh,MP_Hoshangabad,Hoshangabad,3605,71,3474,60,0,0,0,0,0,,
339,MP,Madhya Pradesh,MP_Indore,Indore,55137,2906,51354,877,0,0,0,0,0,,
340,MP,Madhya Pradesh,MP_Jabalpur,Jabalpur,15536,457,14837,242,0,0,0,0,0,,
341,MP,Madhya Pradesh,MP_Jhabua,Jhabua,2378,102,2249,27,0,0,0,0,0,,
342,MP,Madhya Pradesh,MP_Katni,Katni,2141,44,2080,17,0,0,0,0,0,,
334,MP,Madhya Pradesh,MP_Khandwa,Khandwa,2245,41,2141,63,0,0,0,0,0,,
368,MP,Madhya Pradesh,MP_Khargone,Khargone,5096,178,4825,93,0,0,0,0,0,,
343,MP,Madhya Pradesh,MP_Mandla,Mandla,1196,31,1155,10,0,0,0,0,0,,
344,MP,Madhya Pradesh,MP_Mandsaur,Mandsaur,2683,154,2496,33,0,0,0,0,0,,
345,MP,Madhya Pradesh,MP_Morena,Morena,3200,19,3154,27,0,0,0,0,0,,
346,MP,Madhya Pradesh,MP_Narsinghpur,Narsinghpur,3424,67,3329,28,0,0,0,0,0,,
347,MP,Madhya Pradesh,MP_Neemuch,Neemuch,2935,113,2785,37,0,0,0,0,0,,
348,MP,Madhya Pradesh,MP_Niwari,Niwari,649,32,615,2,0,0,0,0,0,,
0,MP,Madhya Pradesh,MP_Other Region,Other Region,0,0,0,0,0,0,0,0,0,,
349,MP,Madhya Pradesh,MP_Panna,Panna,1050,61,985,4,0,0,0,0,0,,
350,MP,Madhya Pradesh,MP_Raisen,Raisen,2357,65,2247,45,0,0,0,0,0,,
351,MP,Madhya Pradesh,MP_Rajgarh,Rajgarh,2280,106,2115,59,0,0,0,0,0,,
352,MP,Madhya Pradesh,MP_Ratlam,Ratlam,4425,263,4084,78,0,0,0,0,0,,
353,MP,Madhya Pradesh,MP_Rewa,Rewa,3847,111,3703,33,0,0,0,0,0,,
354,MP,Madhya Pradesh,MP_Sagar,Sagar,5040,174,4718,148,0,0,0,0,0,,
355,MP,Madhya Pradesh,MP_Satna,Satna,3290,88,3161,41,0,0,0,0,0,,
356,MP,Madhya Pradesh,MP_Sehore,Sehore,2670,89,2533,48,0,0,0,0,0,,
357,MP,Madhya Pradesh,MP_Seoni,Seoni,1491,32,1449,10,0,0,0,0,0,,
358,MP,Madhya Pradesh,MP_Shahdol,Shahdol,2922,63,2829,30,0,0,0,0,0,,
359,MP,Madhya Pradesh,MP_Shajapur,Shajapur,1703,71,1610,22,0,0,0,0,0,,
360,MP,Madhya Pradesh,MP_Sheopur,Sheopur,1406,35,1357,14,0,0,0,0,0,,
361,MP,Madhya Pradesh,MP_Shivpuri,Shivpuri,3505,60,3416,29,0,0,0,0,0,,
362,MP,Madhya Pradesh,MP_Sidhi,Sidhi,1945,44,1888,13,0,0,0,0,0,,
363,MP,Madhya Pradesh,MP_Singrauli,Singrauli,1861,39,1796,26,0,0,0,0,0,,
364,MP,Madhya Pradesh,MP_Tikamgarh,Tikamgarh,1265,38,1200,27,0,0,0,0,0,,
365,MP,Madhya Pradesh,MP_Ujjain,Ujjain,4668,226,4340,102,0,0,0,0,0,,
366,MP,Madhya Pradesh,MP_Umaria,Umaria,1242,47,1179,16,0,0,0,0,0,,
367,MP,Madhya Pradesh,MP_Vidisha,Vidisha,3502,113,3328,61,0,0,0,0,0,,
432,MZ,Mizoram,MZ_Aizawl,Aizawl,2758,67,2684,7,0,3,3,0,0,,
433,MZ,Mizoram,MZ_Champhai,Champhai,94,2,92,0,0,0,0,0,0,,
729,MZ,Mizoram,MZ_Hnahthial,Hnahthial,19,3,16,0,0,0,0,0,0,,
730,MZ,Mizoram,MZ_Khawzawl,Khawzawl,22,0,22,0,0,0,0,0,0,,
434,MZ,Mizoram,MZ_Kolasib,Kolasib,287,5,282,0,0,0,0,0,0,,
435,MZ,Mizoram,MZ_Lawngtlai,Lawngtlai,318,8,310,0,0,0,0,0,0,,
436,MZ,Mizoram,MZ_Lunglei,Lunglei,398,22,376,0,0,0,0,0,0,,
437,MZ,Mizoram,MZ_Mamit,Mamit,82,0,82,0,0,0,0,0,0,,
438,MZ,Mizoram,MZ_Saiha,Saiha,35,0,35,0,0,0,0,0,0,,
728,MZ,Mizoram,MZ_Saitual,Saitual,28,1,27,0,0,0,0,0,0,,
439,MZ,Mizoram,MZ_Serchhip,Serchhip,178,3,174,1,0,0,0,0,0,,
0,NL,Nagaland,NL_Others,Others,0,0,0,0,0,0,0,0,0,,
440,NL,Nagaland,NL_Dimapur,Dimapur,6401,77,6201,51,72,0,0,0,0,,
441,NL,Nagaland,NL_Kiphire,Kiphire,41,2,38,1,0,0,0,0,0,,
442,NL,Nagaland,NL_Kohima,Kohima,3713,62,3600,21,30,0,0,0,0,,
443,NL,Nagaland,NL_Longleng,Longleng,18,0,9,0,9,0,0,0,0,,
444,NL,Nagaland,NL_Mokokchung,Mokokchung,179,42,129,2,6,0,0,0,0,,
445,NL,Nagaland,NL_Mon,Mon,603,0,592,2,9,0,0,0,0,,
446,NL,Nagaland,NL_Peren,Peren,502,3,498,0,1,0,0,0,0,,
447,NL,Nagaland,NL_Phek,Phek,47,3,44,0,0,0,0,0,0,,
448,NL,Nagaland,NL_Tuensang,Tuensang,244,0,243,1,0,0,0,0,0,,
449,NL,Nagaland,NL_Wokha,Wokha,39,1,35,1,2,0,0,0,0,,
450,NL,Nagaland,NL_Zunheboto,Zunheboto,142,0,139,0,3,0,0,0,0,,
0,OR,Odisha,OR_State Pool,State Pool,8320,73,8247,0,0,3,3,0,0,,
0,OR,Odisha,OR_Others,Others,0,0,0,0,0,0,0,0,0,,
451,OR,Odisha,OR_Angul,Angul,10941,226,10678,37,0,31,31,0,0,,
452,OR,Odisha,OR_Balangir,Balangir,8542,148,8354,40,0,13,12,0,1,,
453,OR,Odisha,OR_Balasore,Balasore,12071,128,11844,99,0,8,8,0,0,,
454,OR,Odisha,OR_Bargarh,Bargarh,10171,129,10002,40,0,15,15,0,0,,
456,OR,Odisha,OR_Bhadrak,Bhadrak,7410,29,7352,29,0,1,1,0,0,,
455,OR,Odisha,OR_Boudh,Boudh,2776,13,2752,11,0,3,3,0,0,,
457,OR,Odisha,OR_Cuttack,Cuttack,28773,209,28420,144,0,4,3,0,1,,
458,OR,Odisha,OR_Deogarh,Deogarh,1281,18,1258,5,0,4,4,0,0,,
459,OR,Odisha,OR_Dhenkanal,Dhenkanal,5696,7,5660,29,0,0,0,0,0,,
460,OR,Odisha,OR_Gajapati,Gajapati,3977,2,3942,33,0,0,0,0,0,,
461,OR,Odisha,OR_Ganjam,Ganjam,21811,18,21539,254,0,3,3,0,0,,
462,OR,Odisha,OR_Jagatsinghpur,Jagatsinghpur,9084,41,9005,38,0,2,2,0,0,,
463,OR,Odisha,OR_Jajpur,Jajpur,11988,134,11828,26,0,14,14,0,0,,
464,OR,Odisha,OR_Jharsuguda,Jharsuguda,7510,89,7395,26,0,13,13,0,0,,
465,OR,Odisha,OR_Kalahandi,Kalahandi,6308,34,6243,31,0,0,0,0,0,,
466,OR,Odisha,OR_Kandhamal,Kandhamal,5926,5,5888,33,0,0,0,0,0,,
467,OR,Odisha,OR_Kendrapara,Kendrapara,9061,126,8906,29,0,8,8,0,0,,
468,OR,Odisha,OR_Kendujhar,Kendujhar,7882,64,7781,37,0,0,0,0,0,,
469,OR,Odisha,OR_Khordha,Khordha,52742,139,52267,336,0,14,12,0,2,,
470,OR,Odisha,OR_Koraput,Koraput,7860,43,7801,16,0,5,5,0,0,,
471,OR,Odisha,OR_Malkangiri,Malkangiri,5222,12,5183,27,0,0,0,0,0,,
472,OR,Odisha,OR_Mayurbhanj,Mayurbhanj,13929,105,13732,92,0,4,4,0,0,,
473,OR,Odisha,OR_Nabarangapur,Nabarangapur,5806,13,5777,16,0,0,0,0,0,,
474,OR,Odisha,OR_Nayagarh,Nayagarh,6457,22,6389,46,0,1,1,0,0,,
475,OR,Odisha,OR_Nuapada,Nuapada,7357,84,7246,27,0,23,23,0,0,,
476,OR,Odisha,OR_Puri,Puri,14009,13,13876,120,0,12,12,0,0,,
477,OR,Odisha,OR_Rayagada,Rayagada,8368,17,8306,45,0,0,0,0,0,,
478,OR,Odisha,OR_Sambalpur,Sambalpur,9419,207,9136,76,0,35,35,0,0,,
479,OR,Odisha,OR_Subarnapur,Subarnapur,4700,10,4669,21,0,1,1,0,0,,
480,OR,Odisha,OR_Sundargarh,Sundargarh,14720,293,14257,170,0,34,34,0,0,,
485,PB,Punjab,PB_Amritsar,Amritsar,14528,369,13603,556,0,0,0,0,0,,
486,PB,Punjab,PB_Barnala,Barnala,2284,56,2164,64,0,0,0,0,0,,
487,PB,Punjab,PB_Bathinda,Bathinda,9135,201,8728,206,0,0,0,0,0,,
488,PB,Punjab,PB_Faridkot,Faridkot,3860,60,3726,74,0,0,0,0,0,,
489,PB,Punjab,PB_Fatehgarh Sahib,Fatehgarh Sahib,2509,27,2371,111,0,0,0,0,0,,
490,PB,Punjab,PB_Fazilka,Fazilka,3850,55,3727,68,0,0,0,0,0,,
491,PB,Punjab,PB_Ferozepur,Ferozepur,4528,36,4350,142,0,0,0,0,0,,
492,PB,Punjab,PB_Gurdaspur,Gurdaspur,7946,123,7573,250,0,0,0,0,0,,
493,PB,Punjab,PB_Hoshiarpur,Hoshiarpur,7748,105,7332,311,0,0,0,0,0,,
494,PB,Punjab,PB_Jalandhar,Jalandhar,19945,337,18965,643,0,0,0,0,0,,
495,PB,Punjab,PB_Kapurthala,Kapurthala,4737,91,4450,196,0,0,0,0,0,,
496,PB,Punjab,PB_Ludhiana,Ludhiana,24800,332,23501,967,0,0,0,0,0,,
497,PB,Punjab,PB_Mansa,Mansa,2395,46,2298,51,0,0,0,0,0,,
498,PB,Punjab,PB_Moga,Moga,2746,27,2626,93,0,0,0,0,0,,
499,PB,Punjab,PB_Pathankot,Pathankot,5734,126,5455,153,0,0,0,0,0,,
500,PB,Punjab,PB_Patiala,Patiala,15771,235,15059,477,0,0,0,0,0,,
501,PB,Punjab,PB_Rupnagar,Rupnagar,3351,99,3088,164,0,0,0,0,0,,
502,PB,Punjab,PB_S.A.S. Nagar,S.A.S. Nagar,18239,1058,16841,340,0,0,0,0,0,,
503,PB,Punjab,PB_Sangrur,Sangrur,4366,29,4137,200,0,0,0,0,0,,
504,PB,Punjab,PB_Shahid Bhagat Singh Nagar,Shahid Bhagat Singh Nagar,2379,45,2251,83,0,0,0,0,0,,
505,PB,Punjab,PB_Sri Muktsar Sahib,Sri Muktsar Sahib,3815,49,3670,96,0,0,0,0,0,,
506,PB,Punjab,PB_Tarn Taran,Tarn Taran,2104,11,1989,104,0,0,0,0,0,,
481,PY,Puducherry,PY_Karaikal,Karaikal,3790,48,3680,62,0,0,0,0,0,"2 case of TN has been transferred,so has been reduced from the total count.",
482,PY,Puducherry,PY_Mahe,Mahe,1784,80,1696,8,0,0,0,0,0,"1 case of KL have been transferred,so have been reduced from the total count",
483,PY,Puducherry,PY_Puducherry,Puducherry,30488,228,29742,518,0,0,0,0,0,"209 cases(204 of TN, 1 of AP and 4 other) have been transferred,so have been reduced from the total count.[July 18]4 cases have transferred to TN and have been reduced from recovered cases.",
484,PY,Puducherry,PY_Yanam,Yanam,2102,10,2047,45,0,0,0,0,0,"2 cases of AP have been transferred,so have been reduced from the total count",
507,RJ,Rajasthan,RJ_Ajmer,Ajmer,16568,372,15977,219,0,18,-2,20,0,,
508,RJ,Rajasthan,RJ_Alwar,Alwar,21454,363,21013,78,0,8,-15,23,0,,
509,RJ,Rajasthan,RJ_Banswara,Banswara,2158,154,1970,34,0,5,-21,26,0,,
510,RJ,Rajasthan,RJ_Baran,Baran,2506,245,2228,33,0,12,2,10,0,,
511,RJ,Rajasthan,RJ_Barmer,Barmer,4954,111,4793,50,0,3,2,1,0,,
512,RJ,Rajasthan,RJ_Bharatpur,Bharatpur,8989,44,8825,120,0,4,-36,40,0,,
513,RJ,Rajasthan,RJ_Bhilwara,Bhilwara,9718,393,9286,39,0,32,-25,57,0,,
514,RJ,Rajasthan,RJ_Bikaner,Bikaner,19001,52,18783,166,0,6,-3,9,0,,
0,RJ,Rajasthan,RJ_BSF Camp,BSF Camp,85,0,85,0,0,0,0,0,0,,
515,RJ,Rajasthan,RJ_Bundi,Bundi,2909,196,2694,19,0,18,-17,35,0,,
516,RJ,Rajasthan,RJ_Chittorgarh,Chittorgarh,3740,226,3476,38,0,8,-17,25,0,,
517,RJ,Rajasthan,RJ_Churu,Churu,4362,127,4194,41,0,21,10,10,1,,
518,RJ,Rajasthan,RJ_Dausa,Dausa,2401,104,2273,24,0,5,0,5,0,,
519,RJ,Rajasthan,RJ_Dholpur,Dholpur,3738,73,3636,29,0,3,3,0,0,,
520,RJ,Rajasthan,RJ_Dungarpur,Dungarpur,4711,350,4327,34,0,8,-22,30,0,,
0,RJ,Rajasthan,RJ_Evacuees,Evacuees,61,0,61,0,0,0,0,0,0,,
521,RJ,Rajasthan,RJ_Ganganagar,Ganganagar,6598,202,6354,42,0,5,2,3,0,,
522,RJ,Rajasthan,RJ_Hanumangarh,Hanumangarh,2935,78,2845,12,0,0,-5,5,0,,
0,RJ,Rajasthan,RJ_Italians,Italians,2,0,2,0,0,0,0,0,0,,
523,RJ,Rajasthan,RJ_Jaipur,Jaipur,57420,1737,55180,503,0,82,-117,198,1,,
524,RJ,Rajasthan,RJ_Jaisalmer,Jaisalmer,2182,158,1999,25,0,6,0,6,0,,
525,RJ,Rajasthan,RJ_Jalore,Jalore,5577,159,5368,50,0,2,-2,4,0,,
526,RJ,Rajasthan,RJ_Jhalawar,Jhalawar,3404,109,3271,24,0,11,3,8,0,,
527,RJ,Rajasthan,RJ_Jhunjhunu,Jhunjhunu,4523,33,4438,52,0,3,-3,6,0,,
528,RJ,Rajasthan,RJ_Jodhpur,Jodhpur,43964,858,42815,291,0,44,-57,100,1,,
529,RJ,Rajasthan,RJ_Karauli,Karauli,1511,35,1456,20,0,3,-2,5,0,,
530,RJ,Rajasthan,RJ_Kota,Kota,18660,620,17874,166,0,49,-1,50,0,,
531,RJ,Rajasthan,RJ_Nagaur,Nagaur,9638,334,9213,91,0,28,-7,34,1,,
0,RJ,Rajasthan,RJ_Other State,Other State,189,0,150,39,0,0,0,0,0,,
532,RJ,Rajasthan,RJ_Pali,Pali,10767,363,10295,109,0,17,-6,23,0,,
533,RJ,Rajasthan,RJ_Pratapgarh,Pratapgarh,1208,91,1098,19,0,2,-1,3,0,,
534,RJ,Rajasthan,RJ_Rajsamand,Rajsamand,3924,337,3547,40,0,23,-6,29,0,,
535,RJ,Rajasthan,RJ_Sawai Madhopur,Sawai Madhopur,2095,90,1979,26,0,4,-3,7,0,,
536,RJ,Rajasthan,RJ_Sikar,Sikar,8953,201,8654,98,0,5,-5,10,0,,
537,RJ,Rajasthan,RJ_Sirohi,Sirohi,3642,137,3477,28,0,6,-9,15,0,,
538,RJ,Rajasthan,RJ_Tonk,Tonk,3402,59,3308,35,0,7,-41,48,0,,
539,RJ,Rajasthan,RJ_Udaipur,Udaipur,11370,384,10875,111,0,19,-27,45,1,,
540,SK,Sikkim,SK_East Sikkim,East Sikkim,1494,385,1106,3,0,0,0,0,0,,
541,SK,Sikkim,SK_North Sikkim,North Sikkim,5,4,1,0,0,0,0,0,0,,
542,SK,Sikkim,SK_South Sikkim,South Sikkim,486,413,73,0,0,0,0,0,0,,
543,SK,Sikkim,SK_West Sikkim,West Sikkim,91,76,15,0,0,0,0,0,0,,
0,TG,Telangana,TG_Foreign Evacuees,Foreign Evacuees,33,33,0,0,0,0,0,0,0,District-wise numbers are out-dated as cumulative counts for each district are not reported in Telangana bulletin,
0,TG,Telangana,TG_Other State,Other State,250,250,0,0,0,0,0,0,0,District-wise numbers are out-dated as cumulative counts for each district are not reported in Telangana bulletin,
576,TG,Telangana,TG_Adilabad,Adilabad,2719,2704,15,0,0,2,2,0,0,District-wise numbers are out-dated as cumulative counts for each district are not reported in Telangana bulletin,
577,TG,Telangana,TG_Bhadradri Kothagudem,Bhadradri Kothagudem,8764,8760,4,0,0,5,5,0,0,District-wise numbers are out-dated as cumulative counts for each district are not reported in Telangana bulletin,
578,TG,Telangana,TG_Hyderabad,Hyderabad,78304,77976,305,23,0,72,72,0,0,District-wise numbers are out-dated as cumulative counts for each district are not reported in Telangana bulletin,
579,TG,Telangana,TG_Jagtial,Jagtial,5943,5941,2,0,0,5,5,0,0,District-wise numbers are out-dated as cumulative counts for each district are not reported in Telangana bulletin,
580,TG,Telangana,TG_Jangaon,Jangaon,3509,3508,1,0,0,5,5,0,0,District-wise numbers are out-dated as cumulative counts for each district are not reported in Telangana bulletin,
581,TG,Telangana,TG_Jayashankar Bhupalapally,Jayashankar Bhupalapally,2404,2404,0,0,0,2,2,0,0,District-wise numbers are out-dated as cumulative counts for each district are not reported in Telangana bulletin,
582,TG,Telangana,TG_Jogulamba Gadwal,Jogulamba Gadwal,3329,3303,25,1,0,3,3,0,0,District-wise numbers are out-dated as cumulative counts for each district are not reported in Telangana bulletin,
583,TG,Telangana,TG_Kamareddy,Kamareddy,5527,5519,8,0,0,1,1,0,0,District-wise numbers are out-dated as cumulative counts for each district are not reported in Telangana bulletin,
584,TG,Telangana,TG_Karimnagar,Karimnagar,13348,13332,16,0,0,22,22,0,0,District-wise numbers are out-dated as cumulative counts for each district are not reported in Telangana bulletin,
585,TG,Telangana,TG_Khammam,Khammam,10386,10383,3,0,0,5,5,0,0,District-wise numbers are out-dated as cumulative counts for each district are not reported in Telangana bulletin,
586,TG,Telangana,TG_Komaram Bheem,Komaram Bheem,1532,1530,2,0,0,4,4,0,0,District-wise numbers are out-dated as cumulative counts for each district are not reported in Telangana bulletin,
587,TG,Telangana,TG_Mahabubabad,Mahabubabad,5311,5310,1,0,0,4,4,0,0,District-wise numbers are out-dated as cumulative counts for each district are not reported in Telangana bulletin,
588,TG,Telangana,TG_Mahabubnagar,Mahabubnagar,4859,4851,8,0,0,5,5,0,0,District-wise numbers are out-dated as cumulative counts for each district are not reported in Telangana bulletin,
589,TG,Telangana,TG_Mancherial,Mancherial,5202,5201,0,1,0,5,5,0,0,District-wise numbers are out-dated as cumulative counts for each district are not reported in Telangana bulletin,
590,TG,Telangana,TG_Medak,Medak,3557,3553,4,0,0,3,3,0,0,District-wise numbers are out-dated as cumulative counts for each district are not reported in Telangana bulletin,
591,TG,Telangana,TG_Medchal Malkajgiri,Medchal Malkajgiri,19091,19081,9,1,0,26,26,0,0,District-wise numbers are out-dated as cumulative counts for each district are not reported in Telangana bulletin,
592,TG,Telangana,TG_Mulugu,Mulugu,2884,2882,2,0,0,4,4,0,0,District-wise numbers are out-dated as cumulative counts for each district are not reported in Telangana bulletin,
593,TG,Telangana,TG_Nagarkurnool,Nagarkurnool,4321,4319,2,0,0,4,4,0,0,District-wise numbers are out-dated as cumulative counts for each district are not reported in Telangana bulletin,
594,TG,Telangana,TG_Nalgonda,Nalgonda,12125,12113,12,0,0,5,5,0,0,District-wise numbers are out-dated as cumulative counts for each district are not reported in Telangana bulletin,
595,TG,Telangana,TG_Narayanpet,Narayanpet,1110,1109,0,1,0,1,1,0,0,District-wise numbers are out-dated as cumulative counts for each district are not reported in Telangana bulletin,
596,TG,Telangana,TG_Nirmal,Nirmal,2526,2513,13,0,0,1,1,0,0,District-wise numbers are out-dated as cumulative counts for each district are not reported in Telangana bulletin,
597,TG,Telangana,TG_Nizamabad,Nizamabad,7947,7917,30,0,0,8,8,0,0,District-wise numbers are out-dated as cumulative counts for each district are not reported in Telangana bulletin,
598,TG,Telangana,TG_Peddapalli,Peddapalli,5614,5613,1,0,0,7,7,0,0,District-wise numbers are out-dated as cumulative counts for each district are not reported in Telangana bulletin,
599,TG,Telangana,TG_Rajanna Sircilla,Rajanna Sircilla,4952,4950,2,0,0,5,5,0,0,District-wise numbers are out-dated as cumulative counts for each district are not reported in Telangana bulletin,
600,TG,Telangana,TG_Ranga Reddy,Ranga Reddy,23712,23693,17,2,0,34,34,0,0,District-wise numbers are out-dated as cumulative counts for each district are not reported in Telangana bulletin,
601,TG,Telangana,TG_Sangareddy,Sangareddy,7750,7744,6,0,0,12,12,0,0,District-wise numbers are out-dated as cumulative counts for each district are not reported in Telangana bulletin,
602,TG,Telangana,TG_Siddipet,Siddipet,7785,7784,1,0,0,3,3,0,0,District-wise numbers are out-dated as cumulative counts for each district are not reported in Telangana bulletin,
603,TG,Telangana,TG_Suryapet,Suryapet,6911,6887,24,0,0,5,5,0,0,District-wise numbers are out-dated as cumulative counts for each district are not reported in Telangana bulletin,
604,TG,Telangana,TG_Vikarabad,Vikarabad,2410,2394,15,1,0,6,6,0,0,District-wise numbers are out-dated as cumulative counts for each district are not reported in Telangana bulletin,
605,TG,Telangana,TG_Wanaparthy,Wanaparthy,3496,3496,0,0,0,6,6,0,0,District-wise numbers are out-dated as cumulative counts for each district are not reported in Telangana bulletin,
606,TG,Telangana,TG_Warangal Rural,Warangal Rural,3636,3636,0,0,0,5,5,0,0,District-wise numbers are out-dated as cumulative counts for each district are not reported in Telangana bulletin,
607,TG,Telangana,TG_Warangal Urban,Warangal Urban,11483,11460,23,0,0,14,14,0,0,District-wise numbers are out-dated as cumulative counts for each district are not reported in Telangana bulletin,
608,TG,Telangana,TG_Yadadri Bhuvanagiri,Yadadri Bhuvanagiri,3882,3882,0,0,0,4,4,0,0,District-wise numbers are out-dated as cumulative counts for each district are not reported in Telangana bulletin,
0,TN,Tamil Nadu,TN_Railway Quarantine,Railway Quarantine,428,0,428,0,0,0,0,0,0,,
0,TN,Tamil Nadu,TN_Airport Quarantine,Airport Quarantine,1956,7,1947,2,0,0,0,0,0,,
0,TN,Tamil Nadu,TN_Other State,Other State,0,-3,0,3,0,0,0,0,0,,
544,TN,Tamil Nadu,TN_Ariyalur,Ariyalur,4633,8,4577,48,0,-4,-6,2,0,,
732,TN,Tamil Nadu,TN_Chengalpattu,Chengalpattu,50159,575,48840,744,0,69,-7,76,0,,
545,TN,Tamil Nadu,TN_Chennai,Chennai,225998,2465,219518,4015,0,240,-66,302,4,[July 22]: 444 backdated deceased entries added to Chennai in TN bulletin.,
546,TN,Tamil Nadu,TN_Coimbatore,Coimbatore,52496,779,51063,654,0,78,-19,97,0,,
547,TN,Tamil Nadu,TN_Cuddalore,Cuddalore,24707,132,24292,283,0,12,-3,15,0,,
548,TN,Tamil Nadu,TN_Dharmapuri,Dharmapuri,6435,92,6290,53,0,12,4,8,0,,
549,TN,Tamil Nadu,TN_Dindigul,Dindigul,10981,153,10631,197,0,20,-1,21,0,,
550,TN,Tamil Nadu,TN_Erode,Erode,13756,299,13313,144,0,35,10,25,0,,
734,TN,Tamil Nadu,TN_Kallakurichi,Kallakurichi,10802,15,10679,108,0,0,-2,2,0,,
551,TN,Tamil Nadu,TN_Kancheepuram,Kancheepuram,28762,263,28065,434,0,30,6,24,0,,
552,TN,Tamil Nadu,TN_Kanyakumari,Kanyakumari,16387,151,15980,256,0,22,11,11,0,,
553,TN,Tamil Nadu,TN_Karur,Karur,5191,86,5055,50,0,14,9,5,0,,
554,TN,Tamil Nadu,TN_Krishnagiri,Krishnagiri,7889,81,7692,116,0,4,-20,24,0,,
555,TN,Tamil Nadu,TN_Madurai,Madurai,20573,161,19959,453,0,25,5,20,0,,
556,TN,Tamil Nadu,TN_Nagapattinam,Nagapattinam,8182,134,7917,131,0,18,2,13,3,,
557,TN,Tamil Nadu,TN_Namakkal,Namakkal,11250,190,10951,109,0,22,4,18,0,,
564,TN,Tamil Nadu,TN_Nilgiris,Nilgiris,7968,115,7807,46,0,12,-1,13,0,,
558,TN,Tamil Nadu,TN_Perambalur,Perambalur,2258,4,2233,21,0,1,1,0,0,,
559,TN,Tamil Nadu,TN_Pudukkottai,Pudukkottai,11419,61,11203,155,0,7,2,5,0,,
560,TN,Tamil Nadu,TN_Ramanathapuram,Ramanathapuram,6328,27,6167,134,0,4,1,2,1,,
733,TN,Tamil Nadu,TN_Ranipet,Ranipet,15927,55,15691,181,0,8,-3,11,0,,
561,TN,Tamil Nadu,TN_Salem,Salem,31657,331,30864,462,0,31,-11,41,1,,
562,TN,Tamil Nadu,TN_Sivaganga,Sivaganga,6543,65,6352,126,0,4,-2,6,0,,
731,TN,Tamil Nadu,TN_Tenkasi,Tenkasi,8277,49,8070,158,0,5,-1,6,0,,
563,TN,Tamil Nadu,TN_Thanjavur,Thanjavur,17236,244,16754,238,0,35,8,27,0,,
565,TN,Tamil Nadu,TN_Theni,Theni,16914,71,16639,204,0,12,10,2,0,,
566,TN,Tamil Nadu,TN_Thiruvallur,Thiruvallur,42728,361,41688,679,0,46,-9,55,0,,
567,TN,Tamil Nadu,TN_Thiruvarur,Thiruvarur,10948,90,10749,109,0,6,-10,16,0,,
568,TN,Tamil Nadu,TN_Thoothukkudi,Thoothukkudi,16092,84,15867,141,0,8,2,6,0,,
569,TN,Tamil Nadu,TN_Tiruchirappalli,Tiruchirappalli,14221,193,13852,176,0,18,-8,26,0,,
570,TN,Tamil Nadu,TN_Tirunelveli,Tirunelveli,15314,118,14985,211,0,11,-3,14,0,,
735,TN,Tamil Nadu,TN_Tirupathur,Tirupathur,7464,64,7275,125,0,14,12,2,0,,
571,TN,Tamil Nadu,TN_Tiruppur,Tiruppur,17144,292,16633,219,0,42,-12,52,2,,
572,TN,Tamil Nadu,TN_Tiruvannamalai,Tiruvannamalai,19169,69,18818,282,0,9,-4,13,0,,
573,TN,Tamil Nadu,TN_Vellore,Vellore,20266,185,19741,340,0,23,2,21,0,,
574,TN,Tamil Nadu,TN_Viluppuram,Viluppuram,15023,109,14804,110,0,11,-2,13,0,,
575,TN,Tamil Nadu,TN_Virudhunagar,Virudhunagar,16364,97,16038,229,0,6,-7,13,0,,
609,TR,Tripura,TR_Dhalai,Dhalai,3471,6,3446,18,1,0,0,0,0,,
610,TR,Tripura,TR_Gomati,Gomati,3927,3,3879,44,1,0,0,0,0,,
611,TR,Tripura,TR_Khowai,Khowai,1836,5,1800,31,0,0,0,0,0,,
612,TR,Tripura,TR_North Tripura,North Tripura,2755,13,2719,16,7,0,0,0,0,,
613,TR,Tripura,TR_Sipahijala,Sipahijala,2876,3,2836,37,0,0,0,0,0,,
614,TR,Tripura,TR_South Tripura,South Tripura,4052,17,4009,23,3,0,0,0,0,,
615,TR,Tripura,TR_Unokoti,Unokoti,2767,6,2738,23,0,0,0,0,0,,
616,TR,Tripura,TR_West Tripura,West Tripura,11581,51,11329,190,11,0,0,0,0,,
617,UP,Uttar Pradesh,UP_Agra,Agra,10255,164,9921,170,0,0,0,0,0,,
618,UP,Uttar Pradesh,UP_Aligarh,Aligarh,11202,167,10980,55,0,0,0,0,0,,
619,UP,Uttar Pradesh,UP_Ambedkar Nagar,Ambedkar Nagar,1865,55,1767,43,0,0,0,0,0,,
620,UP,Uttar Pradesh,UP_Amethi,Amethi,3604,93,3474,37,0,0,0,0,0,,
621,UP,Uttar Pradesh,UP_Amroha,Amroha,4242,76,4116,50,0,0,0,0,0,,
622,UP,Uttar Pradesh,UP_Auraiya,Auraiya,3483,78,3359,46,0,0,0,0,0,,
765,UP,Uttar Pradesh,UP_Ayodhya,Ayodhya,7898,163,7623,112,0,0,0,0,0,,
623,UP,Uttar Pradesh,UP_Azamgarh,Azamgarh,5973,135,5744,94,0,0,0,0,0,,
624,UP,Uttar Pradesh,UP_Baghpat,Baghpat,2288,56,2198,34,0,0,0,0,0,,
625,UP,Uttar Pradesh,UP_Bahraich,Bahraich,4055,56,3925,74,0,0,0,0,0,,
626,UP,Uttar Pradesh,UP_Ballia,Ballia,7777,156,7516,105,0,0,0,0,0,,
627,UP,Uttar Pradesh,UP_Balrampur,Balrampur,2097,83,1981,33,0,0,0,0,0,,
628,UP,Uttar Pradesh,UP_Banda,Banda,3740,100,3600,40,0,0,0,0,0,,
629,UP,Uttar Pradesh,UP_Barabanki,Barabanki,7692,85,7507,100,0,0,0,0,0,,
630,UP,Uttar Pradesh,UP_Bareilly,Bareilly,14100,414,13525,161,0,0,0,0,0,,
631,UP,Uttar Pradesh,UP_Basti,Basti,5036,63,4876,97,0,0,0,0,0,,
632,UP,Uttar Pradesh,UP_Bhadohi,Bhadohi,2205,80,2104,21,0,0,0,0,0,,
633,UP,Uttar Pradesh,UP_Bijnor,Bijnor,4278,123,4096,59,0,0,0,0,0,,
634,UP,Uttar Pradesh,UP_Budaun,Budaun,3854,56,3753,45,0,0,0,0,0,,
635,UP,Uttar Pradesh,UP_Bulandshahr,Bulandshahr,6101,135,5875,91,0,0,0,0,0,,
636,UP,Uttar Pradesh,UP_Chandauli,Chandauli,4731,136,4536,59,0,0,0,0,0,,
637,UP,Uttar Pradesh,UP_Chitrakoot,Chitrakoot,2153,39,2100,14,0,0,0,0,0,,
638,UP,Uttar Pradesh,UP_Deoria,Deoria,6707,101,6513,93,0,0,0,0,0,,
639,UP,Uttar Pradesh,UP_Etah,Etah,2507,69,2411,27,0,0,0,0,0,,
640,UP,Uttar Pradesh,UP_Etawah,Etawah,5724,113,5506,105,0,0,0,0,0,,
642,UP,Uttar Pradesh,UP_Farrukhabad,Farrukhabad,4601,60,4458,83,0,0,0,0,0,,
643,UP,Uttar Pradesh,UP_Fatehpur,Fatehpur,3775,141,3568,66,0,0,0,0,0,,
644,UP,Uttar Pradesh,UP_Firozabad,Firozabad,3818,38,3712,68,0,0,0,0,0,,
645,UP,Uttar Pradesh,UP_Gautam Buddha Nagar,Gautam Buddha Nagar,24974,402,24482,90,0,0,0,0,0,,
646,UP,Uttar Pradesh,UP_Ghaziabad,Ghaziabad,26116,459,25555,102,0,0,0,0,0,,
647,UP,Uttar Pradesh,UP_Ghazipur,Ghazipur,5133,94,4955,84,0,0,0,0,0,,
648,UP,Uttar Pradesh,UP_Gonda,Gonda,5022,55,4900,67,0,0,0,0,0,,
649,UP,Uttar Pradesh,UP_Gorakhpur,Gorakhpur,21015,258,20416,341,0,0,0,0,0,,
650,UP,Uttar Pradesh,UP_Hamirpur,Hamirpur,1569,16,1532,21,0,0,0,0,0,,
651,UP,Uttar Pradesh,UP_Hapur,Hapur,4318,93,4157,68,0,0,0,0,0,,
652,UP,Uttar Pradesh,UP_Hardoi,Hardoi,5822,118,5598,106,0,0,0,0,0,,
653,UP,Uttar Pradesh,UP_Hathras,Hathras,1287,10,1270,7,0,0,0,0,0,,
654,UP,Uttar Pradesh,UP_Jalaun,Jalaun,3919,83,3789,47,0,0,0,0,0,,
655,UP,Uttar Pradesh,UP_Jaunpur,Jaunpur,6593,169,6327,97,0,0,0,0,0,,
656,UP,Uttar Pradesh,UP_Jhansi,Jhansi,10133,159,9796,178,0,0,0,0,0,,
657,UP,Uttar Pradesh,UP_Kannauj,Kannauj,3457,28,3382,47,0,0,0,0,0,,
658,UP,Uttar Pradesh,UP_Kanpur Dehat,Kanpur Dehat,2100,63,2003,34,0,0,0,0,0,,
659,UP,Uttar Pradesh,UP_Kanpur Nagar,Kanpur Nagar,32316,492,31002,822,0,0,0,0,0,,
660,UP,Uttar Pradesh,UP_Kasganj,Kasganj,1948,66,1876,6,0,0,0,0,0,,
661,UP,Uttar Pradesh,UP_Kaushambi,Kaushambi,2258,13,2219,26,0,0,0,0,0,,
663,UP,Uttar Pradesh,UP_Kushinagar,Kushinagar,5638,74,5503,61,0,0,0,0,0,,
662,UP,Uttar Pradesh,UP_Lakhimpur Kheri,Lakhimpur Kheri,7526,147,7290,89,0,0,0,0,0,,
664,UP,Uttar Pradesh,UP_Lalitpur,Lalitpur,3314,71,3197,46,0,0,0,0,0,,
665,UP,Uttar Pradesh,UP_Lucknow,Lucknow,78623,2764,74745,1114,0,0,0,0,0,,
667,UP,Uttar Pradesh,UP_Maharajganj,Maharajganj,5766,23,5653,90,0,0,0,0,0,,
666,UP,Uttar Pradesh,UP_Mahoba,Mahoba,1459,29,1419,11,0,0,0,0,0,,
668,UP,Uttar Pradesh,UP_Mainpuri,Mainpuri,3745,72,3599,74,0,0,0,0,0,,
669,UP,Uttar Pradesh,UP_Mathura,Mathura,6709,186,6414,109,0,0,0,0,0,,
670,UP,Uttar Pradesh,UP_Mau,Mau,3041,36,2966,39,0,0,0,0,0,,
671,UP,Uttar Pradesh,UP_Meerut,Meerut,21758,957,20372,429,0,0,0,0,0,,
672,UP,Uttar Pradesh,UP_Mirzapur,Mirzapur,3442,184,3216,42,0,0,0,0,0,,
673,UP,Uttar Pradesh,UP_Moradabad,Moradabad,11682,317,11188,177,0,0,0,0,0,,
674,UP,Uttar Pradesh,UP_Muzaffarnagar,Muzaffarnagar,8281,284,7893,104,0,0,0,0,0,,
675,UP,Uttar Pradesh,UP_Pilibhit,Pilibhit,4144,57,4010,77,0,0,0,0,0,,
676,UP,Uttar Pradesh,UP_Pratapgarh,Pratapgarh,5285,116,5101,68,0,0,0,0,0,,
677,UP,Uttar Pradesh,UP_Prayagraj,Prayagraj,28409,511,27509,389,0,0,0,0,0,,
678,UP,Uttar Pradesh,UP_Rae Bareli,Rae Bareli,5244,230,4907,107,0,0,0,0,0,,
679,UP,Uttar Pradesh,UP_Rampur,Rampur,5395,75,5268,52,0,0,0,0,0,,
680,UP,Uttar Pradesh,UP_Saharanpur,Saharanpur,9783,362,9287,134,0,0,0,0,0,,
681,UP,Uttar Pradesh,UP_Sambhal,Sambhal,3168,164,2960,44,0,0,0,0,0,,
682,UP,Uttar Pradesh,UP_Sant Kabir Nagar,Sant Kabir Nagar,3258,48,3166,44,0,0,0,0,0,,
683,UP,Uttar Pradesh,UP_Shahjahanpur,Shahjahanpur,6826,83,6632,111,0,0,0,0,0,,
684,UP,Uttar Pradesh,UP_Shamli,Shamli,3555,44,3482,29,0,0,0,0,0,,
685,UP,Uttar Pradesh,UP_Shrawasti,Shrawasti,1304,31,1255,18,0,0,0,0,0,,
686,UP,Uttar Pradesh,UP_Siddharthnagar,Siddharthnagar,3987,44,3891,52,0,0,0,0,0,,
687,UP,Uttar Pradesh,UP_Sitapur,Sitapur,4755,103,4576,76,0,0,0,0,0,,
688,UP,Uttar Pradesh,UP_Sonbhadra,Sonbhadra,5019,170,4776,73,0,0,0,0,0,,
689,UP,Uttar Pradesh,UP_Sultanpur,Sultanpur,4800,211,4513,76,0,0,0,0,0,,
690,UP,Uttar Pradesh,UP_Unnao,Unnao,4488,170,4235,83,0,0,0,0,0,,
691,UP,Uttar Pradesh,UP_Varanasi,Varanasi,22607,656,21515,436,0,0,0,0,0,,
692,UT,Uttarakhand,UT_Almora,Almora,3072,176,2777,24,95,0,0,0,0,,
693,UT,Uttarakhand,UT_Bageshwar,Bageshwar,1503,158,1327,18,0,0,0,0,0,,
694,UT,Uttarakhand,UT_Chamoli,Chamoli,3378,113,3185,15,65,0,0,0,0,,
695,UT,Uttarakhand,UT_Champawat,Champawat,1735,108,1545,8,74,0,0,0,0,,
696,UT,Uttarakhand,UT_Dehradun,Dehradun,27397,1402,24738,848,409,0,0,0,0,,
697,UT,Uttarakhand,UT_Haridwar,Haridwar,13413,377,12764,147,125,0,0,0,0,,
698,UT,Uttarakhand,UT_Nainital,Nainital,11411,937,10207,209,58,0,0,0,0,,
699,UT,Uttarakhand,UT_Pauri Garhwal,Pauri Garhwal,5007,162,4764,57,24,0,0,0,0,,
700,UT,Uttarakhand,UT_Pithoragarh,Pithoragarh,3229,395,2796,38,0,0,0,0,0,,
701,UT,Uttarakhand,UT_Rudraprayag,Rudraprayag,2208,78,2114,10,6,0,0,0,0,,
702,UT,Uttarakhand,UT_Tehri Garhwal,Tehri Garhwal,4126,240,3742,16,128,0,0,0,0,,
703,UT,Uttarakhand,UT_Udham Singh Nagar,Udham Singh Nagar,11127,184,10724,109,110,0,0,0,0,,
704,UT,Uttarakhand,UT_Uttarkashi,Uttarkashi,3675,252,3315,16,92,0,0,0,0,,
705,WB,West Bengal,WB_Alipurduar,Alipurduar,7643,51,7507,85,0,0,0,0,0,,
706,WB,West Bengal,WB_Bankura,Bankura,11408,339,10979,90,0,0,0,0,0,,
707,WB,West Bengal,WB_Birbhum,Birbhum,9626,251,9291,84,0,0,0,0,0,,
708,WB,West Bengal,WB_Cooch Behar,Cooch Behar,11678,231,11375,72,0,0,0,0,0,,
709,WB,West Bengal,WB_Dakshin Dinajpur,Dakshin Dinajpur,8086,51,7962,73,0,0,0,0,0,,
710,WB,West Bengal,WB_Darjeeling,Darjeeling,17870,484,17188,198,0,0,0,0,0,,
711,WB,West Bengal,WB_Hooghly,Hooghly,28569,782,27329,458,0,0,0,0,0,,
712,WB,West Bengal,WB_Howrah,Howrah,34680,648,33025,1007,0,0,0,0,0,,
713,WB,West Bengal,WB_Jalpaiguri,Jalpaiguri,14391,395,13841,155,0,0,0,0,0,,
714,WB,West Bengal,WB_Jhargram,Jhargram,2972,34,2916,22,0,0,0,0,0,,
715,WB,West Bengal,WB_Kalimpong,Kalimpong,2170,49,2097,24,0,0,0,0,0,,
716,WB,West Bengal,WB_Kolkata,Kolkata,123605,2690,117959,2956,0,0,0,0,0,,
717,WB,West Bengal,WB_Malda,Malda,12487,260,12116,111,0,0,0,0,0,,
719,WB,West Bengal,WB_Murshidabad,Murshidabad,11947,277,11523,147,0,0,0,0,0,,
720,WB,West Bengal,WB_Nadia,Nadia,21752,679,20784,289,0,0,0,0,0,,
721,WB,West Bengal,WB_North 24 Parganas,North 24 Parganas,116960,1990,112629,2341,0,0,0,0,0,,
0,WB,West Bengal,WB_Other State,Other State,66,0,63,3,0,0,0,0,0,,
722,WB,West Bengal,WB_Paschim Bardhaman,Paschim Bardhaman,15529,538,14836,155,0,0,0,0,0,,
718,WB,West Bengal,WB_Paschim Medinipur,Paschim Medinipur,19859,399,19159,301,0,0,0,0,0,,
723,WB,West Bengal,WB_Purba Bardhaman,Purba Bardhaman,12288,217,11976,95,0,0,0,0,0,,
724,WB,West Bengal,WB_Purba Medinipur,Purba Medinipur,20131,501,19357,273,0,0,0,0,0,,
725,WB,West Bengal,WB_Purulia,Purulia,6965,325,6593,47,0,0,0,0,0,,
726,WB,West Bengal,WB_South 24 Parganas,South 24 Parganas,36069,253,35136,680,0,0,0,0,0,,
727,WB,West Bengal,WB_Uttar Dinajpur,Uttar Dinajpur,6465,172,6221,72,0,0,0,0,0,,
728,AN,Andaman and Nicobar Islands,AN_Unknown,Unknown,4894,35,4797,62,0,0,0,0,0,,
729,AP,Andhra Pradesh,AP_Unknown,Unknown,0,0,0,0,0,0,0,0,0,,
730,AR,Arunachal Pradesh,AR_Unknown,Unknown,0,0,0,0,0,0,0,0,0,,
731,AS,Assam,AS_Unknown,Unknown,101780,-64543,166066,254,3,0,0,0,0,,
732,BR,Bihar,BR_Unknown,Unknown,0,0,0,0,0,0,0,0,0,,
733,CH,Chandigarh,CH_Unknown,Unknown,0,0,0,0,0,0,0,0,0,,
734,CT,Chhattisgarh,CT_Unknown,Unknown,0,0,0,0,0,0,0,0,0,,
735,DN,Dadra and Nagar Haveli and Daman and Diu,DN_Unknown,Unknown,0,0,0,0,0,0,0,0,0,,
737,DL,Delhi,DL_Unknown,Unknown,625660,4555,610535,10570,0,0,0,0,0,,
738,GA,Goa,GA_Unknown,Unknown,44756,-2696,46905,547,0,0,0,0,0,,
739,GJ,Gujarat,GJ_Unknown,Unknown,0,0,0,0,0,0,0,0,0,,
740,HR,Haryana,HR_Unknown,Unknown,0,0,0,0,0,0,0,0,0,,
741,HP,Himachal Pradesh,HP_Unknown,Unknown,0,0,0,0,0,0,0,0,0,,
742,JK,Jammu and Kashmir,JK_Unknown,Unknown,0,0,0,0,0,0,0,0,0,,
743,JH,Jharkhand,JH_Unknown,Unknown,0,0,0,0,0,0,0,0,0,,
744,KA,Karnataka,KA_Unknown,Unknown,0,0,0,0,0,0,0,0,0,,
745,KL,Kerala,KL_Unknown,Unknown,0,0,0,0,0,0,0,0,0,,
746,LA,Ladakh,LA_Unknown,Unknown,59,50,9,0,0,0,0,0,0,,
747,LD,Lakshadweep,LD_Unknown,Unknown,0,0,0,0,0,0,0,0,0,,
748,MP,Madhya Pradesh,MP_Unknown,Unknown,0,0,0,0,0,0,0,0,0,,
749,MH,Maharashtra,MH_Unknown,Unknown,0,0,0,0,0,0,0,0,0,,
750,MN,Manipur,MN_Unknown,Unknown,1380,-23495,24816,59,0,0,0,0,0,,
751,ML,Meghalaya,ML_Unknown,Unknown,19,-35,54,0,0,0,0,0,0,,
752,MZ,Mizoram,MZ_Unknown,Unknown,0,0,0,0,0,0,0,0,0,,
753,NL,Nagaland,NL_Unknown,Unknown,0,0,0,0,0,0,0,0,0,,
754,OR,Odisha,OR_Unknown,Unknown,0,0,0,0,0,0,0,0,0,,
755,PY,Puducherry,PY_Unknown,Unknown,0,0,0,0,0,0,0,0,0,,
756,PB,Punjab,PB_Unknown,Unknown,0,0,0,0,0,0,0,0,0,,
757,RJ,Rajasthan,RJ_Unknown,Unknown,0,0,0,0,0,0,0,0,0,,
758,SK,Sikkim,SK_Unknown,Unknown,3824,-344,3949,125,94,0,0,0,0,,
759,TN,Tamil Nadu,TN_Unknown,Unknown,0,0,0,0,0,0,0,0,0,,
760,TG,Telangana,TG_Unknown,Unknown,496,-280460,279440,1516,0,0,0,0,0,,
761,TR,Tripura,TR_Unknown,Unknown,0,0,0,0,0,0,0,0,0,,
762,UP,Uttar Pradesh,UP_Unknown,Unknown,0,0,0,0,0,0,0,0,0,,
763,UT,Uttarakhand,UT_Unknown,Unknown,0,0,0,0,0,0,0,0,0,,
764,WB,West Bengal,WB_Unknown,Unknown,0,0,0,0,0,0,0,0,0,,